method,scope,basis_policy,task,dimension,reconstruction,solved_fraction,solved_fraction_sem,n_episodes,n_fits
nmf,global,arnold,baoding_p1_ccw,1,-0.10005320025530144,0.005,0.0,100,10
nmf,global,arnold,baoding_p1_ccw,2,0.03879124825304564,0.005,0.0,100,10
nmf,global,arnold,baoding_p1_ccw,3,0.19983807781133797,0.005,0.0,100,10
nmf,global,arnold,baoding_p1_ccw,4,0.3252721540871194,0.005,0.0,100,10
nmf,global,arnold,baoding_p1_ccw,5,0.36107641526936995,0.005,0.0,100,10
nmf,global,arnold,baoding_p1_ccw,6,0.3868737501818734,0.005,0.0,100,10
nmf,global,arnold,baoding_p1_ccw,7,0.4216351798642507,0.0052,0.000198997487421324,100,10
nmf,global,arnold,baoding_p1_ccw,8,0.516995480334839,0.014199999999999999,0.001545509624686951,100,10
nmf,global,arnold,baoding_p1_ccw,9,0.6583384791116912,0.005,0.0,100,10
nmf,global,arnold,baoding_p1_ccw,10,0.7123686965121874,0.005,0.0,100,10
nmf,global,arnold,baoding_p1_ccw,11,0.7519254463468208,0.005,0.0,100,10
nmf,global,arnold,baoding_p1_ccw,12,0.7383753851879808,0.0042,0.0004728636167014756,100,10
nmf,global,arnold,baoding_p1_ccw,13,0.7586878095876156,0.005350000000000001,0.0004430293444005713,100,10
nmf,global,arnold,baoding_p1_ccw,14,0.8143808954421041,0.0,0.0,100,10
nmf,global,arnold,baoding_p1_ccw,15,0.8250374274053925,0.00995,4.9749371855331e-05,100,10
nmf,global,arnold,baoding_p1_ccw,16,0.8499868370489218,0.0075,0.00025,100,10
nmf,global,arnold,baoding_p1_ccw,17,0.8672134083748947,0.005,0.0,100,10
nmf,global,arnold,baoding_p1_ccw,18,0.8685087248071973,0.0,0.0,100,10
nmf,global,arnold,baoding_p1_ccw,19,0.8865110768695528,0.0003,0.00017058722109231987,100,10
nmf,global,arnold,baoding_p1_ccw,20,0.897797431185077,0.00635,0.00047357681531088496,100,10
nmf,global,arnold,baoding_p1_ccw,21,0.9029168694910961,0.0049,0.00028266588050205135,100,10
nmf,global,arnold,baoding_p1_ccw,22,0.9194554388736179,0.0023499999999999997,0.0002495495942693556,100,10
nmf,global,arnold,baoding_p1_ccw,23,0.9381538275524411,0.08145,0.004749892104037732,100,10
nmf,global,arnold,baoding_p1_ccw,24,0.9413491677311898,0.05035,0.00523318975386905,100,10
nmf,global,arnold,baoding_p1_ccw,25,0.9531138809065055,0.0333,0.0035596488590870874,100,10
nmf,global,arnold,baoding_p1_ccw,26,0.9465795339527165,0.01575,0.00017853571071357128,100,10
nmf,global,arnold,baoding_p1_ccw,27,0.9639643311553513,0.0281,0.004091931084463665,100,10
nmf,global,arnold,baoding_p1_ccw,28,0.964284374933724,0.1404,0.008237014022083487,100,10
nmf,global,arnold,baoding_p1_ccw,29,0.968010160126811,0.1375,0.009031195934094221,100,10
nmf,global,arnold,baoding_p1_ccw,30,0.9705324647420557,0.05875,0.009755351095680771,100,10
nmf,global,arnold,baoding_p1_ccw,31,0.9795043541751687,0.0199,0.001303802132227126,100,10
nmf,global,arnold,baoding_p1_ccw,32,0.9804916699055231,0.022400000000000003,0.00039673668849754746,100,10
nmf,global,arnold,baoding_p1_ccw,33,0.9858597556197083,0.051,0.004185092591568315,100,10
nmf,global,arnold,baoding_p1_ccw,34,0.9891696611255638,0.04645,0.002986046717651952,100,10
nmf,global,arnold,baoding_p1_ccw,35,0.9902619646690916,0.2421,0.01920640257830706,100,10
nmf,global,arnold,baoding_p1_ccw,36,0.992883795389228,0.41135,0.020680045333606015,100,10
nmf,global,arnold,baoding_p1_ccw,37,0.9987767688372864,0.5611,0.01882399798130036,100,10
nmf,global,arnold,baoding_p1_ccw,38,0.997153341514497,0.4686,0.022877399327720795,100,10
nmf,global,arnold,baoding_p1_cw,1,-0.12562946132630476,0.04005,4.9749371855331e-05,100,10
nmf,global,arnold,baoding_p1_cw,2,0.11932593686704088,0.04,0.0,100,10
nmf,global,arnold,baoding_p1_cw,3,0.23267536071863987,0.13295,0.00024591665254715866,100,10
nmf,global,arnold,baoding_p1_cw,4,0.3275990267956684,0.13,0.0,100,10
nmf,global,arnold,baoding_p1_cw,5,0.4365622758744009,0.195,0.0,100,10
nmf,global,arnold,baoding_p1_cw,6,0.5262398665175382,0.1201,9.9498743710662e-05,100,10
nmf,global,arnold,baoding_p1_cw,7,0.5463689584966386,0.15175,0.0027215574585152526,100,10
nmf,global,arnold,baoding_p1_cw,8,0.615942306284605,0.05995,4.9749371855331e-05,100,10
nmf,global,arnold,baoding_p1_cw,9,0.6579097475465291,0.0745,0.0007664854858377945,100,10
nmf,global,arnold,baoding_p1_cw,10,0.7262120087357814,0.09230000000000001,0.005609108663593531,100,10
nmf,global,arnold,baoding_p1_cw,11,0.7324551078493895,0.11355,0.0016557400158237407,100,10
nmf,global,arnold,baoding_p1_cw,12,0.7070425877070876,0.16454999999999997,0.002641112455008306,100,10
nmf,global,arnold,baoding_p1_cw,13,0.7415387405687908,0.16585,0.00018781639970992948,100,10
nmf,global,arnold,baoding_p1_cw,14,0.8084139948326878,0.16245,0.0002499499949989997,100,10
nmf,global,arnold,baoding_p1_cw,15,0.8174065440794577,0.16495,0.0007697239765006674,100,10
nmf,global,arnold,baoding_p1_cw,16,0.8541110681350744,0.165,0.0015,100,10
nmf,global,arnold,baoding_p1_cw,17,0.8651869504115123,0.18075,0.0001785357107135712,100,10
nmf,global,arnold,baoding_p1_cw,18,0.8659296452448807,0.17920000000000003,0.0005182663407939974,100,10
nmf,global,arnold,baoding_p1_cw,19,0.907107387424662,0.16245,0.002529323031959342,100,10
nmf,global,arnold,baoding_p1_cw,20,0.91577418069708,0.19675,0.0006647367900154167,100,10
nmf,global,arnold,baoding_p1_cw,21,0.9184003776326566,0.16,0.0,100,10
nmf,global,arnold,baoding_p1_cw,22,0.9331944588702715,0.14925,0.0001785357107135712,100,10
nmf,global,arnold,baoding_p1_cw,23,0.9378840997145146,0.15,0.0,100,10
nmf,global,arnold,baoding_p1_cw,24,0.9395965293290208,0.085,0.0,100,10
nmf,global,arnold,baoding_p1_cw,25,0.9508165244078375,0.13185,0.0030394530758016316,100,10
nmf,global,arnold,baoding_p1_cw,26,0.9430956781807452,0.1124,0.011246217141777053,100,10
nmf,global,arnold,baoding_p1_cw,27,0.9606311722057859,0.0545,0.0035210083782916514,100,10
nmf,global,arnold,baoding_p1_cw,28,0.9599676456877655,0.15925,0.01051674260405759,100,10
nmf,global,arnold,baoding_p1_cw,29,0.9703900994461125,0.14485,0.012399688504152028,100,10
nmf,global,arnold,baoding_p1_cw,30,0.9712649469726792,0.1891,0.011978393047483455,100,10
nmf,global,arnold,baoding_p1_cw,31,0.980511789166686,0.23115,0.01660615172157595,100,10
nmf,global,arnold,baoding_p1_cw,32,0.9805097534724577,0.28285,0.02139792688556534,100,10
nmf,global,arnold,baoding_p1_cw,33,0.9831598268435984,0.22405,0.01652432978973731,100,10
nmf,global,arnold,baoding_p1_cw,34,0.9903849797076948,0.32555,0.015616961132051266,100,10
nmf,global,arnold,baoding_p1_cw,35,0.9857829554434859,0.41955,0.018982372744206662,100,10
nmf,global,arnold,baoding_p1_cw,36,0.9903945872689988,0.39285,0.02125502940482558,100,10
nmf,global,arnold,baoding_p1_cw,37,0.9992131614252013,0.7509999999999999,0.00757429864739964,100,10
nmf,global,arnold,baoding_p1_cw,38,0.9957426471566381,0.6733,0.016476986981848348,100,10
nmf,global,arnold,baoding_p2,1,-0.05304618401597583,0.00115,0.000590994923836068,100,10
nmf,global,arnold,baoding_p2,2,0.10595485899990316,0.0022500000000000003,0.0010328964130056797,100,10
nmf,global,arnold,baoding_p2,3,0.2365086457717272,0.009300000000000001,0.002331330092457952,100,10
nmf,global,arnold,baoding_p2,4,0.39575449183714817,0.01575,0.00351807831066905,100,10
nmf,global,arnold,baoding_p2,5,0.4733891300700206,0.0085,0.0020266968199511245,100,10
nmf,global,arnold,baoding_p2,6,0.5178936171821501,0.02165,0.007349508486967003,100,10
nmf,global,arnold,baoding_p2,7,0.5355662308951473,0.0181,0.0037575124750291915,100,10
nmf,global,arnold,baoding_p2,8,0.6149779488657277,0.00485,0.0010379185902564805,100,10
nmf,global,arnold,baoding_p2,9,0.6572103481272376,0.01605,0.007845793458917972,100,10
nmf,global,arnold,baoding_p2,10,0.6854832666031803,0.00985,0.0028674509586041753,100,10
nmf,global,arnold,baoding_p2,11,0.7734091181113799,0.023700000000000002,0.0052647981917638585,100,10
nmf,global,arnold,baoding_p2,12,0.73821884474836,0.020099999999999996,0.004634101854728703,100,10
nmf,global,arnold,baoding_p2,13,0.7870045877647238,0.0319,0.005344988306816021,100,10
nmf,global,arnold,baoding_p2,14,0.8144253025101313,0.0282,0.006199403197082764,100,10
nmf,global,arnold,baoding_p2,15,0.8201732970031517,0.03465,0.005925476774066371,100,10
nmf,global,arnold,baoding_p2,16,0.8377569446803482,0.03245,0.005929373912986092,100,10
nmf,global,arnold,baoding_p2,17,0.8666819802610813,0.044199999999999996,0.0082057053322673,100,10
nmf,global,arnold,baoding_p2,18,0.869168669659552,0.03855,0.006491261433650628,100,10
nmf,global,arnold,baoding_p2,19,0.8954950619581641,0.0616,0.012182339676761602,100,10
nmf,global,arnold,baoding_p2,20,0.9102027451226888,0.05184999999999999,0.008820616475054338,100,10
nmf,global,arnold,baoding_p2,21,0.9120933586671726,0.045700000000000005,0.011410087642082335,100,10
nmf,global,arnold,baoding_p2,22,0.9435505576402488,0.02365,0.004766998531570993,100,10
nmf,global,arnold,baoding_p2,23,0.9534003979504148,0.0599,0.012861178017584548,100,10
nmf,global,arnold,baoding_p2,24,0.9560792825357657,0.06565,0.012929743810300346,100,10
nmf,global,arnold,baoding_p2,25,0.9653518332041623,0.09425,0.017083672760855612,100,10
nmf,global,arnold,baoding_p2,26,0.9599728153599166,0.12595,0.02118368416966227,100,10
nmf,global,arnold,baoding_p2,27,0.967994813973797,0.1446,0.019808417402710398,100,10
nmf,global,arnold,baoding_p2,28,0.970632942623757,0.1306,0.0202619446253315,100,10
nmf,global,arnold,baoding_p2,29,0.9753964957364275,0.13615,0.017995534862848616,100,10
nmf,global,arnold,baoding_p2,30,0.9825557226668196,0.2632,0.02541087562442507,100,10
nmf,global,arnold,baoding_p2,31,0.9849235581062864,0.22805,0.029327878801577178,100,10
nmf,global,arnold,baoding_p2,32,0.9864098131946488,0.304,0.032383483444496826,100,10
nmf,global,arnold,baoding_p2,33,0.9944389675508484,0.47415,0.029925077694134737,100,10
nmf,global,arnold,baoding_p2,34,0.9956314783751594,0.5275,0.029533667229113283,100,10
nmf,global,arnold,baoding_p2,35,0.9960059864287965,0.5560499999999999,0.03114709416623002,100,10
nmf,global,arnold,baoding_p2,36,0.9967287258675324,0.5688,0.031494850372719665,100,10
nmf,global,arnold,baoding_p2,37,0.9990412922605681,0.53315,0.03170841016197438,100,10
nmf,global,arnold,baoding_p2,38,0.9984075815800131,0.5141,0.031072124162985704,100,10
nmf,global,arnold,baoding_p2_overlap,1,-0.015068179185064806,0.0019500000000000001,0.0006399023362982822,100,10
nmf,global,arnold,baoding_p2_overlap,2,0.1313405771504921,0.00515,0.0012970254430812065,100,10
nmf,global,arnold,baoding_p2_overlap,3,0.2747712319542566,0.013600000000000001,0.002520991868293113,100,10
nmf,global,arnold,baoding_p2_overlap,4,0.437272926148783,0.0447,0.005138005449588391,100,10
nmf,global,arnold,baoding_p2_overlap,5,0.5012466159754508,0.017849999999999998,0.0036764486940524545,100,10
nmf,global,arnold,baoding_p2_overlap,6,0.5527958870288018,0.0558,0.0066639777910794395,100,10
nmf,global,arnold,baoding_p2_overlap,7,0.5635230744452272,0.0506,0.004289685303142877,100,10
nmf,global,arnold,baoding_p2_overlap,8,0.6466697454228436,0.0171,0.004080551433323687,100,10
nmf,global,arnold,baoding_p2_overlap,9,0.6859913763279017,0.0184,0.0034949105854084456,100,10
nmf,global,arnold,baoding_p2_overlap,10,0.7189432042673872,0.02145,0.003997683704346805,100,10
nmf,global,arnold,baoding_p2_overlap,11,0.7805119418586213,0.05665,0.00842201133934169,100,10
nmf,global,arnold,baoding_p2_overlap,12,0.7487372753080321,0.06935,0.0070942423837926484,100,10
nmf,global,arnold,baoding_p2_overlap,13,0.793091806019877,0.08915,0.009530229535535858,100,10
nmf,global,arnold,baoding_p2_overlap,14,0.8257542183258548,0.08015,0.008788473985852151,100,10
nmf,global,arnold,baoding_p2_overlap,15,0.8311517839361041,0.06955,0.011133080211693437,100,10
nmf,global,arnold,baoding_p2_overlap,16,0.8488007469073475,0.094,0.011617013385547941,100,10
nmf,global,arnold,baoding_p2_overlap,17,0.8746783823085295,0.0932,0.007781555114499929,100,10
nmf,global,arnold,baoding_p2_overlap,18,0.8776449776206802,0.0907,0.007529614863988729,100,10
nmf,global,arnold,baoding_p2_overlap,19,0.9048974002467925,0.1016,0.01121068240563437,100,10
nmf,global,arnold,baoding_p2_overlap,20,0.9170292127338282,0.08875,0.010908798054781288,100,10
nmf,global,arnold,baoding_p2_overlap,21,0.9186153415422323,0.06955,0.010847602269626224,100,10
nmf,global,arnold,baoding_p2_overlap,22,0.9495890366284255,0.06305,0.006928165341560492,100,10
nmf,global,arnold,baoding_p2_overlap,23,0.9580191998463929,0.13849999999999998,0.013302349416550445,100,10
nmf,global,arnold,baoding_p2_overlap,24,0.9604368335441122,0.09820000000000001,0.014273492915190731,100,10
nmf,global,arnold,baoding_p2_overlap,25,0.9696740825747734,0.17275,0.020596040274771264,100,10
nmf,global,arnold,baoding_p2_overlap,26,0.9656179930256892,0.19515000000000002,0.026166051956686164,100,10
nmf,global,arnold,baoding_p2_overlap,27,0.9720738684558711,0.17120000000000002,0.01565696650057092,100,10
nmf,global,arnold,baoding_p2_overlap,28,0.9757986433901662,0.19725,0.015570545109276041,100,10
nmf,global,arnold,baoding_p2_overlap,29,0.9797044535262677,0.23954999999999999,0.017364344934376302,100,10
nmf,global,arnold,baoding_p2_overlap,30,0.9854709177040141,0.4625,0.02642352171834784,100,10
nmf,global,arnold,baoding_p2_overlap,31,0.986991726843929,0.3716,0.030750843890859324,100,10
nmf,global,arnold,baoding_p2_overlap,32,0.9881035315711317,0.44179999999999997,0.031970730363881275,100,10
nmf,global,arnold,baoding_p2_overlap,33,0.9945569632541421,0.6403,0.02902893556436405,100,10
nmf,global,arnold,baoding_p2_overlap,34,0.9953531171543162,0.59865,0.025678673544402564,100,10
nmf,global,arnold,baoding_p2_overlap,35,0.9964714943803452,0.6735500000000001,0.02640902260592012,100,10
nmf,global,arnold,baoding_p2_overlap,36,0.9971594295247943,0.7237,0.02593661697292073,100,10
nmf,global,arnold,baoding_p2_overlap,37,0.9989141983203474,0.69285,0.026722112098410182,100,10
nmf,global,arnold,baoding_p2_overlap,38,0.9982801304682803,0.67145,0.027787703665470453,100,10
nmf,global,arnold,hand_index_reach,1,-1.5881808098718868,0.0,0.0,100,10
nmf,global,arnold,hand_index_reach,2,-1.4709399833557208,0.0,0.0,100,10
nmf,global,arnold,hand_index_reach,3,-0.296533376726714,0.0276,0.010208937261047303,100,10
nmf,global,arnold,hand_index_reach,4,0.06343689700039619,0.0843,0.021773036076762464,100,10
nmf,global,arnold,hand_index_reach,5,0.29888586469576467,0.13449999999999998,0.02557982603537405,100,10
nmf,global,arnold,hand_index_reach,6,0.33326387819955333,0.3043,0.03539244410887725,100,10
nmf,global,arnold,hand_index_reach,7,0.4055539564381655,0.0565,0.015720289437538993,100,10
nmf,global,arnold,hand_index_reach,8,0.5096961992910752,0.08810000000000001,0.01819598582105405,100,10
nmf,global,arnold,hand_index_reach,9,0.5249088556507545,0.0993,0.02012771969200684,100,10
nmf,global,arnold,hand_index_reach,10,0.5960833357866925,0.0545,0.01768919161522086,100,10
nmf,global,arnold,hand_index_reach,11,0.5939414198246868,0.09970000000000001,0.017944612004721642,100,10
nmf,global,arnold,hand_index_reach,12,0.6062789545929308,0.075,0.014764484413619055,100,10
nmf,global,arnold,hand_index_reach,13,0.6434080710784696,0.0974,0.015010409721256779,100,10
nmf,global,arnold,hand_index_reach,14,0.708787431275854,0.0461,0.010994448599179496,100,10
nmf,global,arnold,hand_index_reach,15,0.7071890093166241,0.040999999999999995,0.008777812939451375,100,10
nmf,global,arnold,hand_index_reach,16,0.7176420579205349,0.096,0.020067884791377492,100,10
nmf,global,arnold,hand_index_reach,17,0.7207918891289556,0.04650000000000001,0.012533455229903684,100,10
nmf,global,arnold,hand_index_reach,18,0.7475023514347012,0.35100000000000003,0.02719135892153976,100,10
nmf,global,arnold,hand_index_reach,19,0.7923456157962876,0.39049999999999996,0.0248074081677228,100,10
nmf,global,arnold,hand_index_reach,20,0.7963519493710871,0.4471,0.02292129795626766,100,10
nmf,global,arnold,hand_index_reach,21,0.8163323047536046,0.5021,0.02601434027608619,100,10
nmf,global,arnold,hand_index_reach,22,0.8312928255650378,0.5696,0.022631800635389134,100,10
nmf,global,arnold,hand_index_reach,23,0.8452357235873608,0.7659999999999999,0.025459379411132552,100,10
nmf,global,arnold,hand_index_reach,24,0.8616580094521072,0.9024,0.010143096174245811,100,10
nmf,global,arnold,hand_index_reach,25,0.8665048625573499,0.8618000000000001,0.020393322436523188,100,10
nmf,global,arnold,hand_index_reach,26,0.8992531347172663,0.9329000000000001,0.004710191078926629,100,10
nmf,global,arnold,hand_index_reach,27,0.9054931698048307,0.9511,0.0012481586437628834,100,10
nmf,global,arnold,hand_index_reach,28,0.9191412225376357,0.9460999999999999,0.0015613775968675865,100,10
nmf,global,arnold,hand_index_reach,29,0.9295832432173559,0.9462999999999999,0.002175568891117907,100,10
nmf,global,arnold,hand_index_reach,30,0.9362003412167208,0.9528,0.0010870142593360954,100,10
nmf,global,arnold,hand_index_reach,31,0.9451013431500389,0.9556,0.0008163332652783424,100,10
nmf,global,arnold,hand_index_reach,32,0.9404115526033763,0.9568000000000001,0.0008471127433818948,100,10
nmf,global,arnold,hand_index_reach,33,0.9595376888637043,0.9620000000000001,0.0007071067811865475,100,10
nmf,global,arnold,hand_index_reach,34,0.9663524558002198,0.9586,0.0008126499861564017,100,10
nmf,global,arnold,hand_index_reach,35,0.9687465135655421,0.9617,0.0006489221833163048,100,10
nmf,global,arnold,hand_index_reach,36,0.9792150861173659,0.9616,0.0006590902821313632,100,10
nmf,global,arnold,hand_index_reach,37,0.9972607264949428,0.9621,0.0006526101439603895,100,10
nmf,global,arnold,hand_index_reach,38,0.9878858029085086,0.9615,0.000698212002188447,100,10
nmf,global,arnold,hand_little_reach,1,-0.006481072384882637,0.0,0.0,100,10
nmf,global,arnold,hand_little_reach,2,0.029656085202054826,0.0,0.0,100,10
nmf,global,arnold,hand_little_reach,3,0.04796800973266137,0.0,0.0,100,10
nmf,global,arnold,hand_little_reach,4,0.056896307517269595,0.0,0.0,100,10
nmf,global,arnold,hand_little_reach,5,0.22447770840918563,0.0,0.0,100,10
nmf,global,arnold,hand_little_reach,6,0.2472919515970628,0.0504,0.01454367216352184,100,10
nmf,global,arnold,hand_little_reach,7,0.2269447203462945,0.0023,0.0017880436236289092,100,10
nmf,global,arnold,hand_little_reach,8,0.28059532100004503,0.0,0.0,100,10
nmf,global,arnold,hand_little_reach,9,0.275676195887996,0.003,0.00298496231131986,100,10
nmf,global,arnold,hand_little_reach,10,0.27648685987769406,0.046,0.01723948955160796,100,10
nmf,global,arnold,hand_little_reach,11,0.30148019765428763,0.042699999999999995,0.013665910141662718,100,10
nmf,global,arnold,hand_little_reach,12,0.47194356802271686,0.0933,0.01572453814902047,100,10
nmf,global,arnold,hand_little_reach,13,0.4746135517853406,0.0629,0.014633724747992221,100,10
nmf,global,arnold,hand_little_reach,14,0.4755265995730175,0.066,0.015777198737418504,100,10
nmf,global,arnold,hand_little_reach,15,0.8309277776002668,0.6945,0.03172014344229862,100,10
nmf,global,arnold,hand_little_reach,16,0.850128005039398,0.7227,0.029276562298193417,100,10
nmf,global,arnold,hand_little_reach,17,0.844169134158727,0.726,0.028080598284224642,100,10
nmf,global,arnold,hand_little_reach,18,0.8447415036830129,0.708,0.0292362788329842,100,10
nmf,global,arnold,hand_little_reach,19,0.6573762069974647,0.7454999999999999,0.01973493096010219,100,10
nmf,global,arnold,hand_little_reach,20,0.7855150610970776,0.679,0.02764036902792725,100,10
nmf,global,arnold,hand_little_reach,21,0.8581447946207778,0.6581,0.02563072180021468,100,10
nmf,global,arnold,hand_little_reach,22,0.8799462624680654,0.6926000000000001,0.026362329183894202,100,10
nmf,global,arnold,hand_little_reach,23,0.8972681751136292,0.6603,0.024464445630342824,100,10
nmf,global,arnold,hand_little_reach,24,0.9014356317371279,0.67,0.025245197563100986,100,10
nmf,global,arnold,hand_little_reach,25,0.9248881462137379,0.6462,0.023885887046538587,100,10
nmf,global,arnold,hand_little_reach,26,0.9014463366668503,0.6333,0.02214545325794891,100,10
nmf,global,arnold,hand_little_reach,27,0.9324322100269861,0.6241,0.02329338747370163,100,10
nmf,global,arnold,hand_little_reach,28,0.935927390117293,0.5293,0.03053399908298944,100,10
nmf,global,arnold,hand_little_reach,29,0.937198488739651,0.5051,0.02920085443955365,100,10
nmf,global,arnold,hand_little_reach,30,0.9380275909286446,0.5114,0.03189796858735678,100,10
nmf,global,arnold,hand_little_reach,31,0.979976313287459,0.7137,0.023952726358391855,100,10
nmf,global,arnold,hand_little_reach,32,0.9974731458257707,0.7731999999999999,0.021694183552279634,100,10
nmf,global,arnold,hand_little_reach,33,0.9984862764801792,0.7589,0.026625512201645996,100,10
nmf,global,arnold,hand_little_reach,34,0.9982147646648561,0.8065000000000001,0.01965063612201905,100,10
nmf,global,arnold,hand_little_reach,35,0.9987699108811924,0.7576,0.023593694072781397,100,10
nmf,global,arnold,hand_little_reach,36,0.9987902293447435,0.7604000000000001,0.02397161654957796,100,10
nmf,global,arnold,hand_little_reach,37,0.9992540597287812,0.7739,0.024233817280816493,100,10
nmf,global,arnold,hand_little_reach,38,0.9987866752964308,0.7759,0.023302401163828586,100,10
nmf,global,arnold,hand_middle_reach,1,0.06313540772501161,0.0,0.0,100,10
nmf,global,arnold,hand_middle_reach,2,0.1049056753216598,0.0,0.0,100,10
nmf,global,arnold,hand_middle_reach,3,0.1157981198719289,0.0,0.0,100,10
nmf,global,arnold,hand_middle_reach,4,0.1667435618524138,0.0,0.0,100,10
nmf,global,arnold,hand_middle_reach,5,0.16900343569934048,0.0,0.0,100,10
nmf,global,arnold,hand_middle_reach,6,0.23627708527843266,0.0,0.0,100,10
nmf,global,arnold,hand_middle_reach,7,0.3660856320317806,0.0017000000000000001,0.0004910193478876368,100,10
nmf,global,arnold,hand_middle_reach,8,0.4560731436010381,0.0005,0.0002598076211353316,100,10
nmf,global,arnold,hand_middle_reach,9,0.5394707479223385,0.1464,0.02540099210660875,100,10
nmf,global,arnold,hand_middle_reach,10,0.5566970890085077,0.10220000000000001,0.019977777654183668,100,10
nmf,global,arnold,hand_middle_reach,11,0.6086344039503584,0.07629999999999999,0.02001781956158063,100,10
nmf,global,arnold,hand_middle_reach,12,0.6753297508593168,0.0085,0.004389476050737719,100,10
nmf,global,arnold,hand_middle_reach,13,0.7098523286607472,0.0078000000000000005,0.0032018119869848694,100,10
nmf,global,arnold,hand_middle_reach,14,0.7222023566820641,0.004699999999999999,0.0006550572494064929,100,10
nmf,global,arnold,hand_middle_reach,15,0.7301667194244017,0.1414,0.030045305789756904,100,10
nmf,global,arnold,hand_middle_reach,16,0.7765774352270065,0.005699999999999999,0.0007107038764492564,100,10
nmf,global,arnold,hand_middle_reach,17,0.767493371404003,0.006500000000000001,0.002251110836898086,100,10
nmf,global,arnold,hand_middle_reach,18,0.7967514189251708,0.0059,0.0007758221445666527,100,10
nmf,global,arnold,hand_middle_reach,19,0.8029758799185747,0.3431,0.04037714576341424,100,10
nmf,global,arnold,hand_middle_reach,20,0.8269185870566321,0.32189999999999996,0.037775308072866866,100,10
nmf,global,arnold,hand_middle_reach,21,0.8566489955155241,0.7968999999999999,0.020018838627652705,100,10
nmf,global,arnold,hand_middle_reach,22,0.8592687652445669,0.7774,0.022101411719616458,100,10
nmf,global,arnold,hand_middle_reach,23,0.8759214206980731,0.7844,0.024497477421155017,100,10
nmf,global,arnold,hand_middle_reach,24,0.9025040017863786,0.9025,0.006621744483140375,100,10
nmf,global,arnold,hand_middle_reach,25,0.9095235126662718,0.9193000000000001,0.0031440578875077986,100,10
nmf,global,arnold,hand_middle_reach,26,0.9154599340969884,0.8885,0.012451807097766976,100,10
nmf,global,arnold,hand_middle_reach,27,0.9310538865831806,0.8549,0.010160211611969507,100,10
nmf,global,arnold,hand_middle_reach,28,0.9578171112806307,0.9175,0.006231171639427051,100,10
nmf,global,arnold,hand_middle_reach,29,0.9588811649806445,0.9227,0.005823838940080674,100,10
nmf,global,arnold,hand_middle_reach,30,0.9788129458621281,0.9331,0.004139311536958773,100,10
nmf,global,arnold,hand_middle_reach,31,0.9691345876362638,0.9426000000000001,0.002256634662500778,100,10
nmf,global,arnold,hand_middle_reach,32,0.9712314938308687,0.9447,0.0013671503209230506,100,10
nmf,global,arnold,hand_middle_reach,33,0.991482120098483,0.9426000000000001,0.0026138859959837575,100,10
nmf,global,arnold,hand_middle_reach,34,0.9909666216840817,0.9473999999999999,0.0013162066707018319,100,10
nmf,global,arnold,hand_middle_reach,35,0.9972664444372654,0.9526,0.0007017121917139534,100,10
nmf,global,arnold,hand_middle_reach,36,0.9979466728565235,0.953,0.0006403124237432847,100,10
nmf,global,arnold,hand_middle_reach,37,0.9980784046688905,0.9533,0.0005301886456724624,100,10
nmf,global,arnold,hand_middle_reach,38,0.997521540529975,0.9531000000000001,0.0005778408085277466,100,10
nmf,global,arnold,hand_ring_reach,1,0.042583535137888,0.0,0.0,100,10
nmf,global,arnold,hand_ring_reach,2,0.06726719213375809,0.0,0.0,100,10
nmf,global,arnold,hand_ring_reach,3,0.07790970219606817,0.0,0.0,100,10
nmf,global,arnold,hand_ring_reach,4,0.0869182539344718,0.0,0.0,100,10
nmf,global,arnold,hand_ring_reach,5,0.09957807987044973,0.0,0.0,100,10
nmf,global,arnold,hand_ring_reach,6,0.12261063498941091,0.0,0.0,100,10
nmf,global,arnold,hand_ring_reach,7,0.40848090263062514,0.0661,0.015621072306343122,100,10
nmf,global,arnold,hand_ring_reach,8,0.3800083809471341,0.1183,0.016154909470498434,100,10
nmf,global,arnold,hand_ring_reach,9,0.3943275766975274,0.08199999999999999,0.01638108665504215,100,10
nmf,global,arnold,hand_ring_reach,10,0.4322389846342693,0.1265,0.019579772725953692,100,10
nmf,global,arnold,hand_ring_reach,11,0.4190893855990992,0.1558,0.02208265382602372,100,10
nmf,global,arnold,hand_ring_reach,12,0.5623930073977037,0.4496,0.028751319969698777,100,10
nmf,global,arnold,hand_ring_reach,13,0.5670536121626619,0.40759999999999996,0.027856819631824452,100,10
nmf,global,arnold,hand_ring_reach,14,0.5931403756215782,0.5,0.030928627515620543,100,10
nmf,global,arnold,hand_ring_reach,15,0.6141301203384655,0.1966,0.027923187497132202,100,10
nmf,global,arnold,hand_ring_reach,16,0.6490592743821934,0.5710999999999999,0.0340968898874956,100,10
nmf,global,arnold,hand_ring_reach,17,0.6710507644523307,0.5029,0.028186626261402767,100,10
nmf,global,arnold,hand_ring_reach,18,0.7048238327728649,0.5921,0.02553009792382317,100,10
nmf,global,arnold,hand_ring_reach,19,0.701803389463872,0.7720999999999999,0.017675007779347652,100,10
nmf,global,arnold,hand_ring_reach,20,0.7086301606719337,0.7598999999999999,0.016575581437765614,100,10
nmf,global,arnold,hand_ring_reach,21,0.7841072259151307,0.4814,0.027988576241030908,100,10
nmf,global,arnold,hand_ring_reach,22,0.7893533435356638,0.5384,0.025429007058868813,100,10
nmf,global,arnold,hand_ring_reach,23,0.8053499935495056,0.743,0.021608100332976984,100,10
nmf,global,arnold,hand_ring_reach,24,0.8325391656407289,0.904,0.0049396356140913875,100,10
nmf,global,arnold,hand_ring_reach,25,0.8339830046789178,0.9167000000000001,0.004556435009961187,100,10
nmf,global,arnold,hand_ring_reach,26,0.8662081972325686,0.8158,0.010627492648785979,100,10
nmf,global,arnold,hand_ring_reach,27,0.8725194471730701,0.922,0.003992492955535426,100,10
nmf,global,arnold,hand_ring_reach,28,0.8825522682154985,0.9033,0.006013410014293055,100,10
nmf,global,arnold,hand_ring_reach,29,0.8955957952575051,0.9148999999999999,0.00446653109246986,100,10
nmf,global,arnold,hand_ring_reach,30,0.9072630908097574,0.8976999999999999,0.006042938027152025,100,10
nmf,global,arnold,hand_ring_reach,31,0.9198183054513029,0.9479000000000001,0.00217850866420127,100,10
nmf,global,arnold,hand_ring_reach,32,0.9156068791266538,0.9414,0.0028178715371712736,100,10
nmf,global,arnold,hand_ring_reach,33,0.9582999096212497,0.9536,0.001187602627144282,100,10
nmf,global,arnold,hand_ring_reach,34,0.9279659368398591,0.9440999999999999,0.0027243164280237346,100,10
nmf,global,arnold,hand_ring_reach,35,0.981117821514991,0.9527,0.0011212047092302101,100,10
nmf,global,arnold,hand_ring_reach,36,0.9873890238104682,0.9533,0.0010005498488331304,100,10
nmf,global,arnold,hand_ring_reach,37,0.9881429125902942,0.9542,0.000991766101457395,100,10
nmf,global,arnold,hand_ring_reach,38,0.9824336184511686,0.9515,0.0012835497652993438,100,10
nmf,global,arnold,hand_thumb_reach,1,0.0704165535558386,0.0292,0.013145858663472686,100,10
nmf,global,arnold,hand_thumb_reach,2,0.08414473403663304,0.016200000000000003,0.009051828544553856,100,10
nmf,global,arnold,hand_thumb_reach,3,0.1015851258458077,0.056600000000000004,0.01612527209072765,100,10
nmf,global,arnold,hand_thumb_reach,4,0.12493207736039684,0.025099999999999997,0.01104128162850672,100,10
nmf,global,arnold,hand_thumb_reach,5,0.15568808168116288,0.0713,0.020718424167875317,100,10
nmf,global,arnold,hand_thumb_reach,6,0.19965112378997585,0.0897,0.024556650830274064,100,10
nmf,global,arnold,hand_thumb_reach,7,0.2847110800764548,0.1155,0.02675719529397653,100,10
nmf,global,arnold,hand_thumb_reach,8,0.3028089215019879,0.0776,0.01706699739262885,100,10
nmf,global,arnold,hand_thumb_reach,9,0.3375515652419657,0.1474,0.030206495990101202,100,10
nmf,global,arnold,hand_thumb_reach,10,0.35914021749442915,0.1406,0.02781432005280733,100,10
nmf,global,arnold,hand_thumb_reach,11,0.3908675927682316,0.0917,0.022495801830563857,100,10
nmf,global,arnold,hand_thumb_reach,12,0.43024207713939566,0.1439,0.02527207747693094,100,10
nmf,global,arnold,hand_thumb_reach,13,0.46766066050524585,0.19899999999999998,0.03242113508191839,100,10
nmf,global,arnold,hand_thumb_reach,14,0.4982022382308847,0.2555,0.03386070731688871,100,10
nmf,global,arnold,hand_thumb_reach,15,0.5004196388016565,0.1675,0.02945789367894453,100,10
nmf,global,arnold,hand_thumb_reach,16,0.5290959585019148,0.1048,0.02227082396320352,100,10
nmf,global,arnold,hand_thumb_reach,17,0.5345304442770511,0.1369,0.025633842864463383,100,10
nmf,global,arnold,hand_thumb_reach,18,0.5977945268415616,0.3948,0.042265702407507676,100,10
nmf,global,arnold,hand_thumb_reach,19,0.6104887971876425,0.33039999999999997,0.041000712188936424,100,10
nmf,global,arnold,hand_thumb_reach,20,0.6160214260610897,0.3693,0.04165987397964616,100,10
nmf,global,arnold,hand_thumb_reach,21,0.6279902631113023,0.3261,0.04043584919350649,100,10
nmf,global,arnold,hand_thumb_reach,22,0.6316016890423318,0.36060000000000003,0.042446394428737995,100,10
nmf,global,arnold,hand_thumb_reach,23,0.7113391579588544,0.3486,0.0415413095604845,100,10
nmf,global,arnold,hand_thumb_reach,24,0.7308500824427833,0.3995,0.04187752977433124,100,10
nmf,global,arnold,hand_thumb_reach,25,0.7396604937123593,0.38670000000000004,0.043205567928219626,100,10
nmf,global,arnold,hand_thumb_reach,26,0.799908407505878,0.3969,0.042087692975500565,100,10
nmf,global,arnold,hand_thumb_reach,27,0.7624298545170844,0.47619999999999996,0.044850369006285785,100,10
nmf,global,arnold,hand_thumb_reach,28,0.8121136190513442,0.409,0.04276224970695532,100,10
nmf,global,arnold,hand_thumb_reach,29,0.8171383864000636,0.431,0.04315727053463877,100,10
nmf,global,arnold,hand_thumb_reach,30,0.8380404639006598,0.45030000000000003,0.04377955116261473,100,10
nmf,global,arnold,hand_thumb_reach,31,0.8446345466303387,0.4782,0.0456791812536083,100,10
nmf,global,arnold,hand_thumb_reach,32,0.8462273083166962,0.4765,0.04733484445944657,100,10
nmf,global,arnold,hand_thumb_reach,33,0.8951488200669935,0.4841,0.046494751316680884,100,10
nmf,global,arnold,hand_thumb_reach,34,0.8729952294257917,0.5046,0.04723333992001835,100,10
nmf,global,arnold,hand_thumb_reach,35,0.9103744876737652,0.4661,0.04600649845402278,100,10
nmf,global,arnold,hand_thumb_reach,36,0.918808128491978,0.5084000000000001,0.045998634762349194,100,10
nmf,global,arnold,hand_thumb_reach,37,0.924568934902144,0.48450000000000004,0.04596071692217171,100,10
nmf,global,arnold,hand_thumb_reach,38,0.9166072205004223,0.4882,0.04599725643992259,100,10
nmf,global,arnold,pen,1,-0.6681957102174009,0.006999999999999999,0.004972926703662542,100,10
nmf,global,arnold,pen,2,0.13612438959750311,0.0116,0.005029353835235695,100,10
nmf,global,arnold,pen,3,0.1560643474418295,0.0085,0.003920140303611594,100,10
nmf,global,arnold,pen,4,0.2338143812077617,0.0171,0.009794176841368551,100,10
nmf,global,arnold,pen,5,0.3078722963719647,0.023799999999999998,0.010774766818822577,100,10
nmf,global,arnold,pen,6,0.40667769652733987,0.008,0.0065482822174979605,100,10
nmf,global,arnold,pen,7,0.4539710054908884,0.0378,0.014286763104356425,100,10
nmf,global,arnold,pen,8,0.49999885606246347,0.0443,0.014589897189493828,100,10
nmf,global,arnold,pen,9,0.5433105443851015,0.038900000000000004,0.017052211000336583,100,10
nmf,global,arnold,pen,10,0.5515815050630294,0.0496,0.01766007927502026,100,10
nmf,global,arnold,pen,11,0.6003598493935516,0.0207,0.011349233454291093,100,10
nmf,global,arnold,pen,12,0.6850948822653168,0.0529,0.019076317778858688,100,10
nmf,global,arnold,pen,13,0.7237682069552778,0.0196,0.010260526302290738,100,10
nmf,global,arnold,pen,14,0.7315013853862571,0.0466,0.015808364874331567,100,10
nmf,global,arnold,pen,15,0.7443278565215022,0.027000000000000003,0.01239798370703882,100,10
nmf,global,arnold,pen,16,0.7671047473887237,0.0273,0.013280704047602296,100,10
nmf,global,arnold,pen,17,0.8018080141526355,0.0482,0.01640571851520073,100,10
nmf,global,arnold,pen,18,0.8317284060698065,0.041299999999999996,0.01532100192546166,100,10
nmf,global,arnold,pen,19,0.8653292403734625,0.0728,0.020248002370604364,100,10
nmf,global,arnold,pen,20,0.896100448288996,0.048499999999999995,0.017420892629254104,100,10
nmf,global,arnold,pen,21,0.9086129081261323,0.0858,0.02121894436582555,100,10
nmf,global,arnold,pen,22,0.9111933590733109,0.0949,0.02307487594766221,100,10
nmf,global,arnold,pen,23,0.9143625620439769,0.1252,0.023472741637908426,100,10
nmf,global,arnold,pen,24,0.9275661496394474,0.16510000000000002,0.02870487589243333,100,10
nmf,global,arnold,pen,25,0.9305426324802435,0.10189999999999999,0.023433606209885837,100,10
nmf,global,arnold,pen,26,0.9600282919562083,0.1748,0.03044157683169517,100,10
nmf,global,arnold,pen,27,0.9600431197759065,0.23399999999999999,0.034457800278021235,100,10
nmf,global,arnold,pen,28,0.964371210285664,0.20800000000000002,0.03311615919758812,100,10
nmf,global,arnold,pen,29,0.9850997946365077,0.22469999999999998,0.03483603163392753,100,10
nmf,global,arnold,pen,30,0.9873791046859131,0.2621,0.03540206067448617,100,10
nmf,global,arnold,pen,31,0.9923721356157811,0.3776,0.03663990174659316,100,10
nmf,global,arnold,pen,32,0.9945091181930547,0.3171,0.03667077719383651,100,10
nmf,global,arnold,pen,33,0.9988082426767712,0.6122,0.023020677661615436,100,10
nmf,global,arnold,pen,34,0.9971164401509862,0.3958,0.035033749442501864,100,10
nmf,global,arnold,pen,35,0.9992756420321685,0.6168,0.022343177929739534,100,10
nmf,global,arnold,pen,36,0.9994075434814139,0.6136,0.025570498626346732,100,10
nmf,global,arnold,pen,37,0.9996241704306496,0.6593000000000001,0.020537894244542207,100,10
nmf,global,arnold,pen,38,0.9994834942284552,0.5803,0.02263998895759448,100,10
nmf,global,arnold,reorient,1,-0.09728591700569526,0.003,0.0015645375603601777,100,10
nmf,global,arnold,reorient,2,0.008935506830051553,0.002,0.0010561986345169908,100,10
nmf,global,arnold,reorient,3,0.07173104174378067,0.0042,0.0015366775126153752,100,10
nmf,global,arnold,reorient,4,0.09355887713945496,0.0056,0.0020821356557364098,100,10
nmf,global,arnold,reorient,5,0.10543216546846831,0.002,0.0011333333333333332,100,10
nmf,global,arnold,reorient,6,0.21858404972609854,0.0048,0.002076492769605091,100,10
nmf,global,arnold,reorient,7,0.25564187043118325,0.009733333333333333,0.003070171909772408,100,10
nmf,global,arnold,reorient,8,0.3108051964684927,0.0098,0.0034569800565104674,100,10
nmf,global,arnold,reorient,9,0.3366929414233263,0.0063999999999999994,0.0026296091809324905,100,10
nmf,global,arnold,reorient,10,0.34724258130465135,0.008933333333333333,0.0031625868455357163,100,10
nmf,global,arnold,reorient,11,0.4465635592943523,0.006266666666666666,0.0019704934520176527,100,10
nmf,global,arnold,reorient,12,0.4306373486060192,0.007666666666666666,0.002892711146619686,100,10
nmf,global,arnold,reorient,13,0.5199011064224598,0.012733333333333333,0.006254665813969957,100,10
nmf,global,arnold,reorient,14,0.5401877391328516,0.021333333333333336,0.010978362557523982,100,10
nmf,global,arnold,reorient,15,0.5417817325941889,0.011,0.005891896506596533,100,10
nmf,global,arnold,reorient,16,0.5533282247146516,0.013733333333333334,0.006024999769479017,100,10
nmf,global,arnold,reorient,17,0.5936894718575455,0.010533333333333334,0.00408703097886745,100,10
nmf,global,arnold,reorient,18,0.6641791000687967,0.04126666666666667,0.013781370678483968,100,10
nmf,global,arnold,reorient,19,0.7681691583884758,0.08066666666666666,0.014227828756036924,100,10
nmf,global,arnold,reorient,20,0.7734026949669447,0.07079999999999999,0.013258382673279235,100,10
nmf,global,arnold,reorient,21,0.7869546548958477,0.1096,0.018646970561222838,100,10
nmf,global,arnold,reorient,22,0.7954352032900286,0.11806666666666667,0.02197843286294797,100,10
nmf,global,arnold,reorient,23,0.7991610491515103,0.09653333333333333,0.017517097679441967,100,10
nmf,global,arnold,reorient,24,0.8271747624266954,0.16726666666666667,0.021453431737913944,100,10
nmf,global,arnold,reorient,25,0.8341166124488044,0.10260000000000001,0.014545528522539151,100,10
nmf,global,arnold,reorient,26,0.8747658012037041,0.186,0.023606684552379555,100,10
nmf,global,arnold,reorient,27,0.8834109323444244,0.18566666666666667,0.02317035941791917,100,10
nmf,global,arnold,reorient,28,0.9087105674186263,0.20520000000000002,0.026518350878841114,100,10
nmf,global,arnold,reorient,29,0.9401571272617255,0.1884,0.02449083638152578,100,10
nmf,global,arnold,reorient,30,0.9471476667207304,0.22973333333333334,0.027138397561798342,100,10
nmf,global,arnold,reorient,31,0.9639855555534396,0.4180666666666667,0.029891700074323863,100,10
nmf,global,arnold,reorient,32,0.9716471344142293,0.40573333333333333,0.03164862924888428,100,10
nmf,global,arnold,reorient,33,0.9832542478612526,0.5196666666666667,0.03200130205684346,100,10
nmf,global,arnold,reorient,34,0.9782021341256408,0.5299333333333333,0.03386200689727517,100,10
nmf,global,arnold,reorient,35,0.9851682046778836,0.43560000000000004,0.03266669659862574,100,10
nmf,global,arnold,reorient,36,0.985794464650013,0.42333333333333334,0.03161708398951427,100,10
nmf,global,arnold,reorient,37,0.9862562561181687,0.4800666666666667,0.02984515519961136,100,10
nmf,global,arnold,reorient,38,0.9853765865565824,0.4454,0.03284680874064396,100,10
nmf,task,arnold,baoding_p1_ccw,1,0.10920421627361306,0.005,0.0,100,10
nmf,task,arnold,baoding_p1_ccw,2,0.3844279574996608,0.0051,9.9498743710662e-05,100,10
nmf,task,arnold,baoding_p1_ccw,3,0.5305848836503583,0.0149,9.9498743710662e-05,100,10
nmf,task,arnold,baoding_p1_ccw,4,0.6594776748551343,0.005,0.0,100,10
nmf,task,arnold,baoding_p1_ccw,5,0.7420843452392639,0.005,0.0,100,10
nmf,task,arnold,baoding_p1_ccw,6,0.7974672968133548,0.0066,0.0005562373594069353,100,10
nmf,task,arnold,baoding_p1_ccw,7,0.8316547952614426,0.005,0.0,100,10
nmf,task,arnold,baoding_p1_ccw,8,0.8575787234709408,0.02185,0.0005597097462078001,100,10
nmf,task,arnold,baoding_p1_ccw,9,0.8740729432903365,0.0161,0.0006692533152700851,100,10
nmf,task,arnold,baoding_p1_ccw,10,0.8925793764608141,0.01525,0.00010897247358851683,100,10
nmf,task,arnold,baoding_p1_ccw,11,0.9056465587840993,0.01855,0.0006793195124534552,100,10
nmf,task,arnold,baoding_p1_ccw,12,0.9183164099826288,0.017150000000000002,0.0002475378758897313,100,10
nmf,task,arnold,baoding_p1_ccw,13,0.9303872173332431,0.019299999999999998,0.0013172319461658983,100,10
nmf,task,arnold,baoding_p1_ccw,14,0.9400762435965234,0.07725,0.007937372046212776,100,10
nmf,task,arnold,baoding_p1_ccw,15,0.9507368692996956,0.12215,0.009427951792409631,100,10
nmf,task,arnold,baoding_p1_ccw,16,0.9577944261898439,0.11675,0.010079279488138028,100,10
nmf,task,arnold,baoding_p1_ccw,17,0.9673402011010948,0.13095,0.013526584010754525,100,10
nmf,task,arnold,baoding_p1_ccw,18,0.971852147120299,0.08935,0.014427517977808932,100,10
nmf,task,arnold,baoding_p1_ccw,19,0.9749122398466937,0.1483,0.02029054213174207,100,10
nmf,task,arnold,baoding_p1_ccw,20,0.9788022824892778,0.17305,0.015606231928303516,100,10
nmf,task,arnold,baoding_p1_ccw,21,0.9833445761385322,0.24635,0.03172584553640769,100,10
nmf,task,arnold,baoding_p1_ccw,22,0.9858608862366076,0.18864999999999998,0.022884258235739256,100,10
nmf,task,arnold,baoding_p1_ccw,23,0.9883406180317256,0.2707,0.02331834256545692,100,10
nmf,task,arnold,baoding_p1_ccw,24,0.9916131212772294,0.2349,0.020887912772701828,100,10
nmf,task,arnold,baoding_p1_ccw,25,0.9934296529200906,0.20370000000000002,0.023956900884713778,100,10
nmf,task,arnold,baoding_p1_ccw,26,0.9954706286023367,0.23870000000000002,0.0246179426435273,100,10
nmf,task,arnold,baoding_p1_ccw,27,0.9965100569714268,0.1586,0.0229610626931769,100,10
nmf,task,arnold,baoding_p1_ccw,28,0.997259531296913,0.90835,0.013307714867699865,100,10
nmf,task,arnold,baoding_p1_ccw,29,0.9979760580568854,0.9309999999999999,0.014392706486272831,100,10
nmf,task,arnold,baoding_p1_ccw,30,0.998677219833997,0.892,0.018450745242401458,100,10
nmf,task,arnold,baoding_p1_ccw,31,0.9987240046171019,0.9372,0.006704595438950809,100,10
nmf,task,arnold,baoding_p1_ccw,32,0.9995249476146109,0.97485,0.007229610985385036,100,10
nmf,task,arnold,baoding_p1_ccw,33,0.9995870896601646,0.97885,0.005092079634098431,100,10
nmf,task,arnold,baoding_p1_ccw,34,0.9997045582362649,0.97625,0.005752553780713397,100,10
nmf,task,arnold,baoding_p1_ccw,35,0.9995323508818272,0.98425,0.0027270634389394022,100,10
nmf,task,arnold,baoding_p1_ccw,36,0.9997702443063956,0.985,0.002799107000455681,100,10
nmf,task,arnold,baoding_p1_ccw,37,0.999779626919878,0.97545,0.005517741838832259,100,10
nmf,task,arnold,baoding_p1_ccw,38,0.9998648634496208,0.9744499999999999,0.006172477217454918,100,10
nmf,task,arnold,baoding_p1_cw,1,0.19799318591704657,0.005,0.0,100,10
nmf,task,arnold,baoding_p1_cw,2,0.4429627575592231,0.005,0.0,100,10
nmf,task,arnold,baoding_p1_cw,3,0.5912515495545877,0.005,0.0,100,10
nmf,task,arnold,baoding_p1_cw,4,0.6805003334160162,0.02995,4.9749371855331e-05,100,10
nmf,task,arnold,baoding_p1_cw,5,0.7514720787710202,0.025,0.0,100,10
nmf,task,arnold,baoding_p1_cw,6,0.79915050278796,0.15405,0.0009452380652512885,100,10
nmf,task,arnold,baoding_p1_cw,7,0.8362062106745223,0.06165,0.006452152741527437,100,10
nmf,task,arnold,baoding_p1_cw,8,0.8620821161011628,0.1174,0.008246659929935271,100,10
nmf,task,arnold,baoding_p1_cw,9,0.8838106636717296,0.13545,0.002458754766136712,100,10
nmf,task,arnold,baoding_p1_cw,10,0.9032450401455169,0.0924,0.0012796093153771585,100,10
nmf,task,arnold,baoding_p1_cw,11,0.919340739792529,0.1176,0.005819570430882335,100,10
nmf,task,arnold,baoding_p1_cw,12,0.9279468730678125,0.175,0.0,100,10
nmf,task,arnold,baoding_p1_cw,13,0.9418216840990091,0.19,0.0,100,10
nmf,task,arnold,baoding_p1_cw,14,0.9518582460209416,0.20004999999999998,4.9749371855331006e-05,100,10
nmf,task,arnold,baoding_p1_cw,15,0.9606933006725251,0.20155,0.0005508856505664311,100,10
nmf,task,arnold,baoding_p1_cw,16,0.9703493758585318,0.15,0.0,100,10
nmf,task,arnold,baoding_p1_cw,17,0.9753427170388692,0.1593,0.0009849365461794988,100,10
nmf,task,arnold,baoding_p1_cw,18,0.9781086904737821,0.1664,0.0027686458784033758,100,10
nmf,task,arnold,baoding_p1_cw,19,0.9831980495305876,0.1517,0.000872410453857586,100,10
nmf,task,arnold,baoding_p1_cw,20,0.9859628914565436,0.17885,0.0009743074463432988,100,10
nmf,task,arnold,baoding_p1_cw,21,0.9883366614575195,0.1795,0.00014999999999999996,100,10
nmf,task,arnold,baoding_p1_cw,22,0.9904513416352441,0.17965,0.00012757350822173072,100,10
nmf,task,arnold,baoding_p1_cw,23,0.9922982123066152,0.1796,0.00015297058540778355,100,10
nmf,task,arnold,baoding_p1_cw,24,0.9941116378621742,0.18305,0.0004684815898197069,100,10
nmf,task,arnold,baoding_p1_cw,25,0.9947154174600545,0.18505,4.974937185533101e-05,100,10
nmf,task,arnold,baoding_p1_cw,26,0.9967954957770344,0.1844,0.003516589256651962,100,10
nmf,task,arnold,baoding_p1_cw,27,0.9976760537982174,0.2926,0.013888210827892844,100,10
nmf,task,arnold,baoding_p1_cw,28,0.9977798720361457,0.21815,0.0056963387364165775,100,10
nmf,task,arnold,baoding_p1_cw,29,0.9982987302106514,0.18005,4.974937185533101e-05,100,10
nmf,task,arnold,baoding_p1_cw,30,0.9987542147825449,0.1841,0.0025459575801650737,100,10
nmf,task,arnold,baoding_p1_cw,31,0.9991747499470265,0.83195,0.011483878917856977,100,10
nmf,task,arnold,baoding_p1_cw,32,0.9994081711766851,0.79565,0.024777475153856986,100,10
nmf,task,arnold,baoding_p1_cw,33,0.9994835348287887,0.9419,0.001792735340199439,100,10
nmf,task,arnold,baoding_p1_cw,34,0.9995450519036645,0.93565,0.0033351574175741693,100,10
nmf,task,arnold,baoding_p1_cw,35,0.9996174009303986,0.94175,0.00114755174175285,100,10
nmf,task,arnold,baoding_p1_cw,36,0.9997303415025154,0.9461499999999999,0.0007377499576414762,100,10
nmf,task,arnold,baoding_p1_cw,37,0.999762142633718,0.92955,0.008161830370695044,100,10
nmf,task,arnold,baoding_p1_cw,38,0.999849289009369,0.9399500000000001,0.0008845761696993651,100,10
nmf,task,arnold,baoding_p2,1,0.12119300883294677,0.0008,0.0004166533331199931,100,10
nmf,task,arnold,baoding_p2,2,0.3606095898505539,0.00185,0.000763724426740431,100,10
nmf,task,arnold,baoding_p2,3,0.513078087809713,0.0138,0.0028329489935401244,100,10
nmf,task,arnold,baoding_p2,4,0.5982805167416028,0.022799999999999997,0.0048199170117337094,100,10
nmf,task,arnold,baoding_p2,5,0.6680874015910222,0.0167,0.00468306523550548,100,10
nmf,task,arnold,baoding_p2,6,0.7266534125449429,0.0346,0.009685215537095703,100,10
nmf,task,arnold,baoding_p2,7,0.7598549647695777,0.0268,0.008642777331390643,100,10
nmf,task,arnold,baoding_p2,8,0.8028707918183144,0.03685,0.011242253999977048,100,10
nmf,task,arnold,baoding_p2,9,0.8389736335888415,0.17345,0.02799398997999392,100,10
nmf,task,arnold,baoding_p2,10,0.8662259600660704,0.18555,0.02718868284783211,100,10
nmf,task,arnold,baoding_p2,11,0.8896103306585834,0.1484,0.02296833472413705,100,10
nmf,task,arnold,baoding_p2,12,0.90875771897033,0.14075,0.02201253904028338,100,10
nmf,task,arnold,baoding_p2,13,0.9225010724037288,0.18815,0.028125491551260044,100,10
nmf,task,arnold,baoding_p2,14,0.9356280458216911,0.16670000000000001,0.025458419039681154,100,10
nmf,task,arnold,baoding_p2,15,0.9454345379747371,0.18095,0.02413583383684931,100,10
nmf,task,arnold,baoding_p2,16,0.9543342515422525,0.23715,0.027548162824406273,100,10
nmf,task,arnold,baoding_p2,17,0.9609633266566575,0.24414999999999998,0.026836547374802143,100,10
nmf,task,arnold,baoding_p2,18,0.9685662002441819,0.23135000000000003,0.02828744023413925,100,10
nmf,task,arnold,baoding_p2,19,0.9756656543798812,0.4484,0.03368277601386204,100,10
nmf,task,arnold,baoding_p2,20,0.979887375355551,0.39159999999999995,0.031248830378111755,100,10
nmf,task,arnold,baoding_p2,21,0.9838571711524633,0.49134999999999995,0.03133080393159422,100,10
nmf,task,arnold,baoding_p2,22,0.9865002866574268,0.47240000000000004,0.02903691443662704,100,10
nmf,task,arnold,baoding_p2,23,0.9897024170016376,0.4918,0.03229833741851119,100,10
nmf,task,arnold,baoding_p2,24,0.9921868064562155,0.5287,0.03157416823924267,100,10
nmf,task,arnold,baoding_p2,25,0.9943569126096712,0.50855,0.03024808217061042,100,10
nmf,task,arnold,baoding_p2,26,0.9958181736725331,0.61925,0.02766472257225798,100,10
nmf,task,arnold,baoding_p2,27,0.9967667136139587,0.51905,0.029933901767060032,100,10
nmf,task,arnold,baoding_p2,28,0.9976942036225871,0.54005,0.030260989326193553,100,10
nmf,task,arnold,baoding_p2,29,0.9982763588634544,0.6012,0.026693924402380404,100,10
nmf,task,arnold,baoding_p2,30,0.9983380439853715,0.5586,0.03067955997076881,100,10
nmf,task,arnold,baoding_p2,31,0.9990434207700943,0.5824,0.026185156100355794,100,10
nmf,task,arnold,baoding_p2,32,0.9992303491655885,0.58305,0.02799543668171654,100,10
nmf,task,arnold,baoding_p2,33,0.9995041432999198,0.555,0.028963856787382444,100,10
nmf,task,arnold,baoding_p2,34,0.9995183390129514,0.61085,0.027019905162675908,100,10
nmf,task,arnold,baoding_p2,35,0.999597902158062,0.5733,0.03066424791185983,100,10
nmf,task,arnold,baoding_p2,36,0.9996620732175201,0.58835,0.02930896236648442,100,10
nmf,task,arnold,baoding_p2,37,0.9997154476196265,0.59815,0.028440521707591798,100,10
nmf,task,arnold,baoding_p2,38,0.999814098967315,0.54625,0.02940946913835746,100,10
nmf,task,arnold,baoding_p2_overlap,1,0.12356174402168947,0.0018,0.0005679788728465172,100,10
nmf,task,arnold,baoding_p2_overlap,2,0.40359777862143104,0.0667,0.018670862326095168,100,10
nmf,task,arnold,baoding_p2_overlap,3,0.5454990174935175,0.0393,0.008049229776817159,100,10
nmf,task,arnold,baoding_p2_overlap,4,0.6295275670725029,0.04905,0.013141669414499816,100,10
nmf,task,arnold,baoding_p2_overlap,5,0.7080967281214854,0.023399999999999997,0.006111006463750468,100,10
nmf,task,arnold,baoding_p2_overlap,6,0.7594409071685798,0.15975,0.02614864958272224,100,10
nmf,task,arnold,baoding_p2_overlap,7,0.7956639341950078,0.12625,0.024831570127561403,100,10
nmf,task,arnold,baoding_p2_overlap,8,0.8267667797777521,0.18825,0.02648002785119381,100,10
nmf,task,arnold,baoding_p2_overlap,9,0.8556066254682608,0.27144999999999997,0.033721231813206354,100,10
nmf,task,arnold,baoding_p2_overlap,10,0.8770322306851266,0.3797,0.034308877859819314,100,10
nmf,task,arnold,baoding_p2_overlap,11,0.9002751844251474,0.36405,0.03284149014585056,100,10
nmf,task,arnold,baoding_p2_overlap,12,0.9189922997104688,0.3893,0.03391246231107378,100,10
nmf,task,arnold,baoding_p2_overlap,13,0.9306776493571028,0.36495,0.031208532086594524,100,10
nmf,task,arnold,baoding_p2_overlap,14,0.943975323672991,0.43479999999999996,0.03219976086867727,100,10
nmf,task,arnold,baoding_p2_overlap,15,0.9537594779476553,0.4117,0.031909733624710813,100,10
nmf,task,arnold,baoding_p2_overlap,16,0.9615651715536411,0.39740000000000003,0.03078542512293764,100,10
nmf,task,arnold,baoding_p2_overlap,17,0.9683714866806119,0.4667,0.029912557563672153,100,10
nmf,task,arnold,baoding_p2_overlap,18,0.9752126022675094,0.4307,0.03171852928494636,100,10
nmf,task,arnold,baoding_p2_overlap,19,0.9807073333539881,0.599,0.029735416593685046,100,10
nmf,task,arnold,baoding_p2_overlap,20,0.9843030149145857,0.54925,0.028815826814443484,100,10
nmf,task,arnold,baoding_p2_overlap,21,0.9868328501923788,0.58605,0.028564076652326777,100,10
nmf,task,arnold,baoding_p2_overlap,22,0.9892564182652606,0.6061,0.028743571455196723,100,10
nmf,task,arnold,baoding_p2_overlap,23,0.9916289148863016,0.6552500000000001,0.0281091066204531,100,10
nmf,task,arnold,baoding_p2_overlap,24,0.9931790538310873,0.65235,0.03031999793865428,100,10
nmf,task,arnold,baoding_p2_overlap,25,0.9954382594172568,0.6525,0.026848603315628914,100,10
nmf,task,arnold,baoding_p2_overlap,26,0.9963383615249255,0.7031999999999999,0.025887402341679633,100,10
nmf,task,arnold,baoding_p2_overlap,27,0.9969786136085169,0.6619499999999999,0.027218550200185168,100,10
nmf,task,arnold,baoding_p2_overlap,28,0.9975822564317683,0.706,0.0263817171541202,100,10
nmf,task,arnold,baoding_p2_overlap,29,0.998023365366404,0.7236499999999999,0.02689097013869154,100,10
nmf,task,arnold,baoding_p2_overlap,30,0.9986166250788997,0.7202,0.026449567104207962,100,10
nmf,task,arnold,baoding_p2_overlap,31,0.9987065918529334,0.6801,0.02629305801918065,100,10
nmf,task,arnold,baoding_p2_overlap,32,0.9990816134203003,0.7293999999999999,0.02454182959764817,100,10
nmf,task,arnold,baoding_p2_overlap,33,0.999206569473945,0.67655,0.025635687527351396,100,10
nmf,task,arnold,baoding_p2_overlap,34,0.999202476364702,0.7005,0.02710262902376816,100,10
nmf,task,arnold,baoding_p2_overlap,35,0.9993081301815575,0.68695,0.025531049234216757,100,10
nmf,task,arnold,baoding_p2_overlap,36,0.9994484497107067,0.70545,0.026037674147281278,100,10
nmf,task,arnold,baoding_p2_overlap,37,0.999477078452569,0.6951999999999999,0.02636654319397975,100,10
nmf,task,arnold,baoding_p2_overlap,38,0.9996535198015997,0.66525,0.02729060048808014,100,10
nmf,task,arnold,hand_index_reach,1,0.0386908157775688,0.0002,0.000198997487421324,100,10
nmf,task,arnold,hand_index_reach,2,0.4803945823340615,0.0018,0.00047707441767506247,100,10
nmf,task,arnold,hand_index_reach,3,0.6303954294046399,0.10210000000000001,0.017655194702976232,100,10
nmf,task,arnold,hand_index_reach,4,0.7137395323968392,0.24850000000000003,0.02696010942114294,100,10
nmf,task,arnold,hand_index_reach,5,0.7685826582581656,0.4611,0.03445893062763265,100,10
nmf,task,arnold,hand_index_reach,6,0.8189745455790689,0.45899999999999996,0.032767209218973775,100,10
nmf,task,arnold,hand_index_reach,7,0.8499930063486841,0.5151,0.036568974554942055,100,10
nmf,task,arnold,hand_index_reach,8,0.87248682803393,0.6228,0.02970995792659424,100,10
nmf,task,arnold,hand_index_reach,9,0.8877866413411468,0.5783,0.03245460059837434,100,10
nmf,task,arnold,hand_index_reach,10,0.9048802792638165,0.6294,0.0307768809335839,100,10
nmf,task,arnold,hand_index_reach,11,0.9168114981260607,0.7806000000000001,0.02416312065938504,100,10
nmf,task,arnold,hand_index_reach,12,0.9259944015134511,0.6957,0.02884831190901818,100,10
nmf,task,arnold,hand_index_reach,13,0.9347141407121382,0.7565000000000001,0.024501989715123136,100,10
nmf,task,arnold,hand_index_reach,14,0.9432821408887453,0.6125,0.029985121310409934,100,10
nmf,task,arnold,hand_index_reach,15,0.9502674412794564,0.7461,0.024049904365714223,100,10
nmf,task,arnold,hand_index_reach,16,0.9555911542879555,0.9591,0.0009065870063044143,100,10
nmf,task,arnold,hand_index_reach,17,0.9631163255326738,0.9582999999999999,0.002168202020107905,100,10
nmf,task,arnold,hand_index_reach,18,0.969138528564334,0.9605,0.0010037429949942365,100,10
nmf,task,arnold,hand_index_reach,19,0.9738502288227397,0.9612,0.000897552226892675,100,10
nmf,task,arnold,hand_index_reach,20,0.9792905944501147,0.9521,0.008505639305778254,100,10
nmf,task,arnold,hand_index_reach,21,0.9826865231707836,0.9566,0.0035894846426750456,100,10
nmf,task,arnold,hand_index_reach,22,0.9859213737859245,0.9584,0.002143455154651013,100,10
nmf,task,arnold,hand_index_reach,23,0.9887435193215139,0.9605,0.0010428326807307101,100,10
nmf,task,arnold,hand_index_reach,24,0.9932835485634135,0.9628,0.0006337191807101943,100,10
nmf,task,arnold,hand_index_reach,25,0.9945554425858132,0.9616,0.0006740919818541087,100,10
nmf,task,arnold,hand_index_reach,26,0.9966618227339265,0.9629000000000001,0.0006526101439603895,100,10
nmf,task,arnold,hand_index_reach,27,0.9977442995450685,0.9614,0.0007213875518748573,100,10
nmf,task,arnold,hand_index_reach,28,0.9984268190954021,0.9616,0.0006590902821313632,100,10
nmf,task,arnold,hand_index_reach,29,0.9991079392495481,0.9617,0.0006790434448545982,100,10
nmf,task,arnold,hand_index_reach,30,0.9995354981900813,0.9631000000000001,0.0006737210105080589,100,10
nmf,task,arnold,hand_index_reach,31,0.9999721604898282,0.9614,0.0006636264009214824,100,10
nmf,task,arnold,hand_index_reach,32,0.9999405429541808,0.9623999999999999,0.0006343500610861483,100,10
nmf,task,arnold,hand_index_reach,33,0.9999290068887413,0.9627,0.0006611353870426237,100,10
nmf,task,arnold,hand_index_reach,34,0.9999267326158527,0.963,0.0006244997998398397,100,10
nmf,task,arnold,hand_index_reach,35,0.9999476612222793,0.9625,0.000606217782649107,100,10
nmf,task,arnold,hand_index_reach,36,0.9999459962424252,0.9618000000000001,0.0006539113089708726,100,10
nmf,task,arnold,hand_index_reach,37,0.9999504505520921,0.9623999999999999,0.0006343500610861483,100,10
nmf,task,arnold,hand_index_reach,38,0.9999500609339599,0.9621999999999999,0.0006257795138864806,100,10
nmf,task,arnold,hand_little_reach,1,0.7061234312656358,0.0611,0.010207737261509036,100,10
nmf,task,arnold,hand_little_reach,2,0.8191652415894828,0.11359999999999999,0.012558280137025132,100,10
nmf,task,arnold,hand_little_reach,3,0.869060461173307,0.2259,0.011938253641131937,100,10
nmf,task,arnold,hand_little_reach,4,0.8999781676977499,0.24539999999999998,0.00900602020872705,100,10
nmf,task,arnold,hand_little_reach,5,0.9255796305627939,0.2638,0.008952965988989347,100,10
nmf,task,arnold,hand_little_reach,6,0.9434771905177793,0.745,0.020078097519436445,100,10
nmf,task,arnold,hand_little_reach,7,0.961553445696379,0.7469,0.021582722256471728,100,10
nmf,task,arnold,hand_little_reach,8,0.974231316518227,0.8039000000000001,0.019528899098515514,100,10
nmf,task,arnold,hand_little_reach,9,0.9886744324610246,0.8351999999999999,0.01684724309790774,100,10
nmf,task,arnold,hand_little_reach,10,0.9979821289409909,0.8073999999999999,0.020171574058560723,100,10
nmf,task,arnold,hand_little_reach,11,0.9979833713013306,0.8040999999999999,0.019072018770963914,100,10
nmf,task,arnold,hand_little_reach,12,0.9985526717405978,0.8426,0.017131036162474234,100,10
nmf,task,arnold,hand_little_reach,13,0.9994451555719323,0.8328,0.019058898184312754,100,10
nmf,task,arnold,hand_little_reach,14,0.9996347013577076,0.8292,0.017706315257557118,100,10
nmf,task,arnold,hand_little_reach,15,0.9999304686946408,0.9229999999999999,0.0015652475842498528,100,10
nmf,task,arnold,hand_little_reach,16,0.9999301133045659,0.924,0.0014832396974191326,100,10
nmf,task,arnold,hand_little_reach,17,0.9999321205368021,0.9220999999999999,0.001644962005640252,100,10
nmf,task,arnold,hand_little_reach,18,0.9999318622885356,0.9236,0.0015001333274079342,100,10
nmf,task,arnold,hand_little_reach,19,0.9999430820138379,0.9198999999999999,0.004208313201271977,100,10
nmf,task,arnold,hand_little_reach,20,0.9999606807197088,0.9231,0.0015012994371543607,100,10
nmf,task,arnold,hand_little_reach,21,0.9999855049053321,0.9223,0.0014060938802227963,100,10
nmf,task,arnold,hand_little_reach,22,0.9999849180143638,0.9207,0.0013656866404852907,100,10
nmf,task,arnold,hand_little_reach,23,0.999992563766031,0.9218999999999999,0.0014744151382836519,100,10
nmf,task,arnold,hand_little_reach,24,0.9999853531180737,0.9243000000000001,0.0014230600830604449,100,10
nmf,task,arnold,hand_little_reach,25,0.9999945465647926,0.9226000000000001,0.0014806755215103677,100,10
nmf,task,arnold,hand_little_reach,26,0.9999926580270706,0.9240999999999999,0.0014972975656161337,100,10
nmf,task,arnold,hand_little_reach,27,0.9999956176076041,0.9216,0.0014333178293735134,100,10
nmf,task,arnold,hand_little_reach,28,0.9999901982984178,0.9207,0.0015182555779578088,100,10
nmf,task,arnold,hand_little_reach,29,0.9999939748975295,0.9209,0.0016315330214249418,100,10
nmf,task,arnold,hand_little_reach,30,0.9999935645527745,0.9231999999999999,0.001672602762164406,100,10
nmf,task,arnold,hand_little_reach,31,0.99999697433212,0.9214,0.0014833745312630927,100,10
nmf,task,arnold,hand_little_reach,32,0.9999959632266686,0.9231,0.0014539257202484588,100,10
nmf,task,arnold,hand_little_reach,33,0.9999978961068223,0.9227,0.0016422849935379667,100,10
nmf,task,arnold,hand_little_reach,34,0.9999961104301516,0.9225,0.0015451537140362443,100,10
nmf,task,arnold,hand_little_reach,35,0.9999965275917816,0.9222,0.0014462364951832738,100,10
nmf,task,arnold,hand_little_reach,36,0.9999964904646481,0.9228000000000001,0.0014634206503941372,100,10
nmf,task,arnold,hand_little_reach,37,0.9999973651132983,0.9216,0.0013617635624439358,100,10
nmf,task,arnold,hand_little_reach,38,0.9999979478021002,0.9224,0.0014291256067959876,100,10
nmf,task,arnold,hand_middle_reach,1,0.6231731640418781,0.0079,0.002160069443328154,100,10
nmf,task,arnold,hand_middle_reach,2,0.7637362676950221,0.0528,0.00876821532582315,100,10
nmf,task,arnold,hand_middle_reach,3,0.8016332939779058,0.0802,0.01167645494146233,100,10
nmf,task,arnold,hand_middle_reach,4,0.8335231751714846,0.27399999999999997,0.024233860608660764,100,10
nmf,task,arnold,hand_middle_reach,5,0.8638517746813003,0.32939999999999997,0.02077778621509039,100,10
nmf,task,arnold,hand_middle_reach,6,0.8832643942719803,0.2913,0.02073868607216957,100,10
nmf,task,arnold,hand_middle_reach,7,0.8985358152868596,0.4629,0.031077417846404165,100,10
nmf,task,arnold,hand_middle_reach,8,0.9151275846961211,0.5952000000000001,0.031195025244419982,100,10
nmf,task,arnold,hand_middle_reach,9,0.9288978115632002,0.7603,0.02810994663815639,100,10
nmf,task,arnold,hand_middle_reach,10,0.9396479459262398,0.7945,0.024758180466262054,100,10
nmf,task,arnold,hand_middle_reach,11,0.9491177319812127,0.9451,0.0013228378585450297,100,10
nmf,task,arnold,hand_middle_reach,12,0.9609241326480529,0.9475,0.0012835497652993436,100,10
nmf,task,arnold,hand_middle_reach,13,0.9669875651482004,0.9481999999999999,0.0010989085494252924,100,10
nmf,task,arnold,hand_middle_reach,14,0.973544516702167,0.951,0.00091104335791443,100,10
nmf,task,arnold,hand_middle_reach,15,0.9779466507186705,0.9516,0.0007445804187594514,100,10
nmf,task,arnold,hand_middle_reach,16,0.9847134770755288,0.9508,0.001426043477598071,100,10
nmf,task,arnold,hand_middle_reach,17,0.9884087232217633,0.9473,0.0027050138631807418,100,10
nmf,task,arnold,hand_middle_reach,18,0.9930076503590273,0.9534999999999999,0.0006689544080129825,100,10
nmf,task,arnold,hand_middle_reach,19,0.9971156317145702,0.9533,0.0012087596948939028,100,10
nmf,task,arnold,hand_middle_reach,20,0.9984387314105672,0.9542,0.0006029925372672535,100,10
nmf,task,arnold,hand_middle_reach,21,0.99932719318415,0.9521,0.001663099515964093,100,10
nmf,task,arnold,hand_middle_reach,22,0.9993284624970025,0.9527,0.001037834283496166,100,10
nmf,task,arnold,hand_middle_reach,23,0.999475321109675,0.9534,0.0006814690014960329,100,10
nmf,task,arnold,hand_middle_reach,24,0.9996100903329266,0.9528,0.001105260150371848,100,10
nmf,task,arnold,hand_middle_reach,25,0.9996196010652749,0.9536,0.0005919459434779495,100,10
nmf,task,arnold,hand_middle_reach,26,0.9996246643792462,0.9545999999999999,0.0005553377350765927,100,10
nmf,task,arnold,hand_middle_reach,27,0.9998393900143885,0.953,0.0006557438524302,100,10
nmf,task,arnold,hand_middle_reach,28,0.9999524201232239,0.9521,0.0006677574409918621,100,10
nmf,task,arnold,hand_middle_reach,29,0.9999538249007207,0.9529000000000001,0.000697065276713738,100,10
nmf,task,arnold,hand_middle_reach,30,0.9999320888470876,0.9534999999999999,0.000606217782649107,100,10
nmf,task,arnold,hand_middle_reach,31,0.9999495480035232,0.9526,0.0006575712889109439,100,10
nmf,task,arnold,hand_middle_reach,32,0.9999429107344785,0.9539,0.0005812916651733447,100,10
nmf,task,arnold,hand_middle_reach,33,0.999967664544787,0.953,0.0007141428428542849,100,10
nmf,task,arnold,hand_middle_reach,34,0.9999804387226827,0.9538,0.0006128621378417825,100,10
nmf,task,arnold,hand_middle_reach,35,0.9999802241317465,0.9534999999999999,0.000606217782649107,100,10
nmf,task,arnold,hand_middle_reach,36,0.9999848755929477,0.9531999999999999,0.000630555310817378,100,10
nmf,task,arnold,hand_middle_reach,37,0.9999847310859915,0.9533,0.0005301886456724624,100,10
nmf,task,arnold,hand_middle_reach,38,0.9999831199229228,0.9531999999999999,0.0006144916598294888,100,10
nmf,task,arnold,hand_ring_reach,1,0.4646487605258861,0.0049,0.0007415524256584964,100,10
nmf,task,arnold,hand_ring_reach,2,0.6914114328608677,0.0246,0.0044461668884557175,100,10
nmf,task,arnold,hand_ring_reach,3,0.7950849193978753,0.0311,0.004582346560442585,100,10
nmf,task,arnold,hand_ring_reach,4,0.8226496773334127,0.1822,0.024360451555749122,100,10
nmf,task,arnold,hand_ring_reach,5,0.8527187878923443,0.24670000000000003,0.029610827411607397,100,10
nmf,task,arnold,hand_ring_reach,6,0.8696767296175697,0.45520000000000005,0.03731902463891573,100,10
nmf,task,arnold,hand_ring_reach,7,0.8855142299590941,0.45270000000000005,0.023467362442336805,100,10
nmf,task,arnold,hand_ring_reach,8,0.9111193974328412,0.8283,0.019549452677760572,100,10
nmf,task,arnold,hand_ring_reach,9,0.9235435110939016,0.9417,0.004154647999530165,100,10
nmf,task,arnold,hand_ring_reach,10,0.9354981148733545,0.9529000000000001,0.002228429940563535,100,10
nmf,task,arnold,hand_ring_reach,11,0.9445273598922833,0.9517,0.0015036954478883015,100,10
nmf,task,arnold,hand_ring_reach,12,0.9543178576946572,0.9551000000000001,0.0008887631855561977,100,10
nmf,task,arnold,hand_ring_reach,13,0.9619971277931902,0.956,0.0007745966692414834,100,10
nmf,task,arnold,hand_ring_reach,14,0.9710501361392729,0.9543,0.0007383088784512889,100,10
nmf,task,arnold,hand_ring_reach,15,0.9762553517617814,0.9548000000000001,0.0009641576634555159,100,10
nmf,task,arnold,hand_ring_reach,16,0.9820673382798747,0.9556,0.001022936948203554,100,10
nmf,task,arnold,hand_ring_reach,17,0.9855053614865235,0.9533,0.0015559884318336048,100,10
nmf,task,arnold,hand_ring_reach,18,0.9897044186910463,0.9562999999999999,0.0007830070242341381,100,10
nmf,task,arnold,hand_ring_reach,19,0.9928430111258809,0.9566,0.0007644605941446557,100,10
nmf,task,arnold,hand_ring_reach,20,0.9943435058595009,0.9564,0.00071442284397967,100,10
nmf,task,arnold,hand_ring_reach,21,0.994437450341616,0.9561,0.000705620294492725,100,10
nmf,task,arnold,hand_ring_reach,22,0.995691278447401,0.9556999999999999,0.0006042350536008318,100,10
nmf,task,arnold,hand_ring_reach,23,0.9961973609757537,0.956,0.0005830951894845301,100,10
nmf,task,arnold,hand_ring_reach,24,0.9996625450967184,0.955,0.0010723805294763607,100,10
nmf,task,arnold,hand_ring_reach,25,0.9998732825467375,0.9565,0.0006837397165588673,100,10
nmf,task,arnold,hand_ring_reach,26,0.9999520526323618,0.9577,0.0006907242575731649,100,10
nmf,task,arnold,hand_ring_reach,27,0.9999473397305367,0.9558,0.0010017983829094554,100,10
nmf,task,arnold,hand_ring_reach,28,0.9999101639593482,0.9562999999999999,0.0006581033353509159,100,10
nmf,task,arnold,hand_ring_reach,29,0.9999583618385349,0.9539,0.0012481586437628834,100,10
nmf,task,arnold,hand_ring_reach,30,0.9999256973843913,0.958,0.0007348469228349532,100,10
nmf,task,arnold,hand_ring_reach,31,0.9999257173899151,0.9561,0.000661740130262628,100,10
nmf,task,arnold,hand_ring_reach,32,0.999919128747887,0.9556999999999999,0.0007517313349861107,100,10
nmf,task,arnold,hand_ring_reach,33,0.9999513040664715,0.9569,0.0007306846104852627,100,10
nmf,task,arnold,hand_ring_reach,34,0.999952328662548,0.9571,0.0007783957862167551,100,10
nmf,task,arnold,hand_ring_reach,35,0.9999486807077238,0.956,0.0008124038404635961,100,10
nmf,task,arnold,hand_ring_reach,36,0.9999541080255057,0.9566,0.0007241546796092669,100,10
nmf,task,arnold,hand_ring_reach,37,0.9999540233579782,0.9564,0.0005919459434779496,100,10
nmf,task,arnold,hand_ring_reach,38,0.9999579549016759,0.9534999999999999,0.0011434596626029273,100,10
nmf,task,arnold,hand_thumb_reach,1,0.3836857518968903,0.0077,0.0030849797406141905,100,10
nmf,task,arnold,hand_thumb_reach,2,0.5437374053202814,0.0175,0.007431520705750607,100,10
nmf,task,arnold,hand_thumb_reach,3,0.6187311408050934,0.1613,0.03122776168731919,100,10
nmf,task,arnold,hand_thumb_reach,4,0.6945493473001458,0.3677,0.044723115946901544,100,10
nmf,task,arnold,hand_thumb_reach,5,0.7335902154248883,0.2778,0.04099477527685693,100,10
nmf,task,arnold,hand_thumb_reach,6,0.7772183560116176,0.20190000000000002,0.03730889840239189,100,10
nmf,task,arnold,hand_thumb_reach,7,0.8091282383906926,0.36090000000000005,0.04430352017616659,100,10
nmf,task,arnold,hand_thumb_reach,8,0.8364760148747742,0.3452,0.04327458376460714,100,10
nmf,task,arnold,hand_thumb_reach,9,0.8581443196386376,0.3738,0.044466567216280596,100,10
nmf,task,arnold,hand_thumb_reach,10,0.8805996591355431,0.4285,0.04725301577677344,100,10
nmf,task,arnold,hand_thumb_reach,11,0.8969890631292209,0.38409999999999994,0.045876376273633473,100,10
nmf,task,arnold,hand_thumb_reach,12,0.9143155637685603,0.4462,0.047715988934528025,100,10
nmf,task,arnold,hand_thumb_reach,13,0.9272080817374768,0.474,0.04792055926217889,100,10
nmf,task,arnold,hand_thumb_reach,14,0.938861598983701,0.5635,0.047721771760905946,100,10
nmf,task,arnold,hand_thumb_reach,15,0.947580796174458,0.4667,0.04693549935816173,100,10
nmf,task,arnold,hand_thumb_reach,16,0.9582553774601358,0.4643,0.04747046555491109,100,10
nmf,task,arnold,hand_thumb_reach,17,0.965950122476395,0.5,0.04759558803082488,100,10
nmf,task,arnold,hand_thumb_reach,18,0.9728322637779577,0.5099,0.047576989185949964,100,10
nmf,task,arnold,hand_thumb_reach,19,0.9796534843584798,0.409,0.046205951997551134,100,10
nmf,task,arnold,hand_thumb_reach,20,0.9834971101724334,0.5297,0.04735133683434925,100,10
nmf,task,arnold,hand_thumb_reach,21,0.9903730307568042,0.5173,0.04749544293929683,100,10
nmf,task,arnold,hand_thumb_reach,22,0.9954732565937284,0.4953,0.0480511092483826,100,10
nmf,task,arnold,hand_thumb_reach,23,0.9975851186671344,0.5172,0.04840228920206151,100,10
nmf,task,arnold,hand_thumb_reach,24,0.9975812816971542,0.5141,0.04815414727725951,100,10
nmf,task,arnold,hand_thumb_reach,25,0.997658199594496,0.5256000000000001,0.047804460042970884,100,10
nmf,task,arnold,hand_thumb_reach,26,0.998539348079197,0.46240000000000003,0.04798002084201298,100,10
nmf,task,arnold,hand_thumb_reach,27,0.9978898516545007,0.5241,0.04833344494239987,100,10
nmf,task,arnold,hand_thumb_reach,28,0.9978927190273904,0.46590000000000004,0.0480016864287079,100,10
nmf,task,arnold,hand_thumb_reach,29,0.9983457574495154,0.48960000000000004,0.047445530874888515,100,10
nmf,task,arnold,hand_thumb_reach,30,0.9992705823361945,0.5021,0.047983183512559896,100,10
nmf,task,arnold,hand_thumb_reach,31,0.9988210097379445,0.5163,0.047513504396118796,100,10
nmf,task,arnold,hand_thumb_reach,32,0.9988209673320723,0.496,0.04869250455665636,100,10
nmf,task,arnold,hand_thumb_reach,33,0.9990493608672157,0.495,0.04846493577835423,100,10
nmf,task,arnold,hand_thumb_reach,34,0.9996152882790403,0.5125,0.047997578063898184,100,10
nmf,task,arnold,hand_thumb_reach,35,0.9997314931630376,0.48200000000000004,0.04798478925659673,100,10
nmf,task,arnold,hand_thumb_reach,36,0.9999600866632277,0.5357999999999999,0.04796252286942379,100,10
nmf,task,arnold,hand_thumb_reach,37,0.9997290867852959,0.5273,0.04870972284872908,100,10
nmf,task,arnold,hand_thumb_reach,38,0.999965569717137,0.5108,0.04747013376850754,100,10
nmf,task,arnold,pen,1,0.15065398533583624,0.057,0.01662678561839299,100,10
nmf,task,arnold,pen,2,0.34415788912369893,0.1249,0.0281160078958589,100,10
nmf,task,arnold,pen,3,0.5045058064056438,0.1384,0.031422195976729565,100,10
nmf,task,arnold,pen,4,0.5979083404549964,0.053399999999999996,0.016968924538697194,100,10
nmf,task,arnold,pen,5,0.6683068668893607,0.0911,0.024000789570345394,100,10
nmf,task,arnold,pen,6,0.7405177824597499,0.12,0.027014810752622343,100,10
nmf,task,arnold,pen,7,0.7844484310664626,0.19820000000000002,0.035326301816069,100,10
nmf,task,arnold,pen,8,0.8253339978015415,0.1564,0.03030759640750153,100,10
nmf,task,arnold,pen,9,0.8501845438017195,0.1241,0.027675294036378372,100,10
nmf,task,arnold,pen,10,0.8820620201233886,0.18960000000000002,0.03178204524570437,100,10
nmf,task,arnold,pen,11,0.902097863039019,0.15869999999999998,0.029701398956951505,100,10
nmf,task,arnold,pen,12,0.9249676585296147,0.2305,0.036349793672041664,100,10
nmf,task,arnold,pen,13,0.9421632753373828,0.17620000000000002,0.03271262141742847,100,10
nmf,task,arnold,pen,14,0.9558810932530403,0.21710000000000002,0.03482536288396718,100,10
nmf,task,arnold,pen,15,0.9698846949549405,0.22899999999999998,0.0362271997261726,100,10
nmf,task,arnold,pen,16,0.9773901498254041,0.2486,0.03582625294389577,100,10
nmf,task,arnold,pen,17,0.9822945220819435,0.2593,0.035758986283170834,100,10
nmf,task,arnold,pen,18,0.9937793439589061,0.49939999999999996,0.032800249999047265,100,10
nmf,task,arnold,pen,19,0.9966602270674734,0.5483,0.027959275741692595,100,10
nmf,task,arnold,pen,20,0.9976683678188145,0.6288,0.02292347268630999,100,10
nmf,task,arnold,pen,21,0.9982848190366301,0.65,0.022004999431947277,100,10
nmf,task,arnold,pen,22,0.9982906522441866,0.6705,0.019490189840019514,100,10
nmf,task,arnold,pen,23,0.999271298907054,0.6631999999999999,0.02104085549591556,100,10
nmf,task,arnold,pen,24,0.9996369273601605,0.6701,0.02352891625213537,100,10
nmf,task,arnold,pen,25,0.9997366856920408,0.6081,0.023938126493107184,100,10
nmf,task,arnold,pen,26,0.9994274345834636,0.6362,0.023451132168831424,100,10
nmf,task,arnold,pen,27,0.9994734540065215,0.6762,0.021027496284626947,100,10
nmf,task,arnold,pen,28,0.9997065175286097,0.6595,0.023226009127699915,100,10
nmf,task,arnold,pen,29,0.9996268839951572,0.6773,0.019985922545631963,100,10
nmf,task,arnold,pen,30,0.9998996381674548,0.6531999999999999,0.023445630723015323,100,10
nmf,task,arnold,pen,31,0.9999251946409778,0.6469,0.021157833064848582,100,10
nmf,task,arnold,pen,32,0.9999281184367493,0.6548999999999999,0.021390883572213654,100,10
nmf,task,arnold,pen,33,0.9999465589815022,0.6709,0.01682444352720172,100,10
nmf,task,arnold,pen,34,0.9999446620695442,0.6574,0.02113367928213164,100,10
nmf,task,arnold,pen,35,0.999944205492733,0.6607999999999999,0.01941683805360698,100,10
nmf,task,arnold,pen,36,0.999953395293135,0.6714,0.018831898470414502,100,10
nmf,task,arnold,pen,37,0.9999547335012089,0.6772,0.01977578317033234,100,10
nmf,task,arnold,pen,38,0.9999594918804018,0.6185,0.02179191363786118,100,10
nmf,task,arnold,reorient,1,0.43081656210011776,0.011866666666666666,0.004922131426300782,100,10
nmf,task,arnold,reorient,2,0.5901249371400574,0.062266666666666665,0.014739883913307382,100,10
nmf,task,arnold,reorient,3,0.7244102470537741,0.10579999999999999,0.016677770967501757,100,10
nmf,task,arnold,reorient,4,0.801066103858482,0.17313333333333333,0.02694842069171731,100,10
nmf,task,arnold,reorient,5,0.8707375989953918,0.28473333333333334,0.02947545796458848,100,10
nmf,task,arnold,reorient,6,0.9092774671449095,0.2841333333333333,0.03224155772360331,100,10
nmf,task,arnold,reorient,7,0.9308681676679467,0.45659999999999995,0.03339973319920052,100,10
nmf,task,arnold,reorient,8,0.942522609789845,0.40900000000000003,0.03174612837286882,100,10
nmf,task,arnold,reorient,9,0.956575610948246,0.5342666666666667,0.03404807320376425,100,10
nmf,task,arnold,reorient,10,0.964857456780372,0.5938666666666667,0.032396526562786535,100,10
nmf,task,arnold,reorient,11,0.9710482009285102,0.6244666666666667,0.033240277442350634,100,10
nmf,task,arnold,reorient,12,0.9751130989628018,0.6603333333333333,0.028253200408685272,100,10
nmf,task,arnold,reorient,13,0.97972960207579,0.6570666666666667,0.03065671142760677,100,10
nmf,task,arnold,reorient,14,0.9836394035826261,0.6767333333333334,0.0275570511242888,100,10
nmf,task,arnold,reorient,15,0.9865766137250886,0.7134666666666667,0.02446257549809505,100,10
nmf,task,arnold,reorient,16,0.9916932002247096,0.6914666666666667,0.02825960289097417,100,10
nmf,task,arnold,reorient,17,0.9931959581864238,0.7219333333333334,0.02507593711553413,100,10
nmf,task,arnold,reorient,18,0.9954163859370254,0.7084,0.027503150526601287,100,10
nmf,task,arnold,reorient,19,0.9967163296264474,0.7416666666666667,0.0245089326119637,100,10
nmf,task,arnold,reorient,20,0.9975991977163277,0.8000666666666667,0.020283434949074416,100,10
nmf,task,arnold,reorient,21,0.9982789182628338,0.7779333333333334,0.022053207375698335,100,10
nmf,task,arnold,reorient,22,0.9988251337078351,0.7961333333333334,0.023792656196584883,100,10
nmf,task,arnold,reorient,23,0.9991676470094747,0.7664,0.022962175661533277,100,10
nmf,task,arnold,reorient,24,0.9994030786045112,0.7894666666666666,0.02212935305576434,100,10
nmf,task,arnold,reorient,25,0.9995725396367217,0.7672,0.025401956180140496,100,10
nmf,task,arnold,reorient,26,0.9996891333023642,0.7594666666666666,0.025366063067720133,100,10
nmf,task,arnold,reorient,27,0.9997807721759825,0.7844,0.02249784582280416,100,10
nmf,task,arnold,reorient,28,0.9997940173249618,0.7549333333333333,0.025902058262273715,100,10
nmf,task,arnold,reorient,29,0.9998363916457571,0.7542,0.02582034598270648,100,10
nmf,task,arnold,reorient,30,0.9998467924904595,0.7682666666666667,0.022535329300160375,100,10
nmf,task,arnold,reorient,31,0.9998831233777535,0.8153333333333334,0.020177765540867552,100,10
nmf,task,arnold,reorient,32,0.9998921516010737,0.7434000000000001,0.027663934804884296,100,10
nmf,task,arnold,reorient,33,0.9999097153316978,0.7872666666666667,0.022838971566649453,100,10
nmf,task,arnold,reorient,34,0.9999302793747239,0.7837333333333334,0.024540817698954807,100,10
nmf,task,arnold,reorient,35,0.999936916055779,0.8004666666666667,0.021039276497911128,100,10
nmf,task,arnold,reorient,36,0.9999418353600469,0.7365999999999999,0.027711288514089542,100,10
nmf,task,arnold,reorient,37,0.9999508040320082,0.7782,0.022566219591829438,100,10
nmf,task,arnold,reorient,38,0.9999566844587935,0.7541333333333333,0.028860627543804765,100,10
pca,global,arnold,baoding_p1_ccw,1,0.0227469440836335,0.005,0.0,100,1
pca,global,arnold,baoding_p1_ccw,2,0.04958568163750006,0.005,0.0,100,1
pca,global,arnold,baoding_p1_ccw,3,0.15115397922461996,0.005,0.0,100,1
pca,global,arnold,baoding_p1_ccw,4,0.17690862551998132,0.005,0.0,100,1
pca,global,arnold,baoding_p1_ccw,5,0.2973913482968682,0.005,0.0,100,1
pca,global,arnold,baoding_p1_ccw,6,0.3354967190871849,0.0,0.0,100,1
pca,global,arnold,baoding_p1_ccw,7,0.3750523631453065,0.005,0.0,100,1
pca,global,arnold,baoding_p1_ccw,8,0.4014648173131023,0.01935,0.0014241751998964175,100,1
pca,global,arnold,baoding_p1_ccw,9,0.4773062405253942,0.005,0.0,100,1
pca,global,arnold,baoding_p1_ccw,10,0.4980558322644884,0.008199999999999999,0.0006946941773183364,100,1
pca,global,arnold,baoding_p1_ccw,11,0.5276560845866194,0.005,0.0,100,1
pca,global,arnold,baoding_p1_ccw,12,0.5702534523366024,0.00755,0.001263912576090609,100,1
pca,global,arnold,baoding_p1_ccw,13,0.5961782984328046,0.014650000000000002,0.0024075454305163176,100,1
pca,global,arnold,baoding_p1_ccw,14,0.6229171685451772,0.011699999999999999,0.00037563279941985896,100,1
pca,global,arnold,baoding_p1_ccw,15,0.6595626360245999,0.01,0.0,100,1
pca,global,arnold,baoding_p1_ccw,16,0.691668740326052,0.0149,0.0010862320194139,100,1
pca,global,arnold,baoding_p1_ccw,17,0.706099769422019,0.01,0.0,100,1
pca,global,arnold,baoding_p1_ccw,18,0.7337578767401132,0.0148,0.001999899997499875,100,1
pca,global,arnold,baoding_p1_ccw,19,0.7646553145780887,0.01385,0.0011288378980172486,100,1
pca,global,arnold,baoding_p1_ccw,20,0.7836176886500099,0.01325,0.0013442005058770068,100,1
pca,global,arnold,baoding_p1_ccw,21,0.7975572918144497,0.01525,0.002243184120842513,100,1
pca,global,arnold,baoding_p1_ccw,22,0.8194681751083069,0.07919999999999999,0.00456219245538809,100,1
pca,global,arnold,baoding_p1_ccw,23,0.8355284304831443,0.0533,0.0061095089819068115,100,1
pca,global,arnold,baoding_p1_ccw,24,0.8455664076420922,0.04675,0.003078453345431761,100,1
pca,global,arnold,baoding_p1_ccw,25,0.8605416236590442,0.0547,0.0029400850327839156,100,1
pca,global,arnold,baoding_p1_ccw,26,0.8715645875876351,0.0554,0.0017402298698735172,100,1
pca,global,arnold,baoding_p1_ccw,27,0.8851046277573369,0.0768,0.008646826007269952,100,1
pca,global,arnold,baoding_p1_ccw,28,0.8983399499992549,0.0591,0.00574168093854056,100,1
pca,global,arnold,baoding_p1_ccw,29,0.9112116716787281,0.0637,0.007723865612502589,100,1
pca,global,arnold,baoding_p1_ccw,30,0.9216209405698947,0.06625,0.00871475042671906,100,1
pca,global,arnold,baoding_p1_ccw,31,0.9354976286348994,0.25205,0.02583574026421538,100,1
pca,global,arnold,baoding_p1_ccw,32,0.9527795262884856,0.1821,0.023156228103903276,100,1
pca,global,arnold,baoding_p1_ccw,33,0.9576281133818348,0.68285,0.029768293115326583,100,1
pca,global,arnold,baoding_p1_ccw,34,0.9673206175069159,0.42969999999999997,0.03899774480659106,100,1
pca,global,arnold,baoding_p1_ccw,35,0.9730552624700294,0.675,0.035768701402203576,100,1
pca,global,arnold,baoding_p1_ccw,36,0.9812900817102743,0.9636,0.003624968965384393,100,1
pca,global,arnold,baoding_p1_ccw,37,0.9873122027024442,0.8149,0.028374722906136015,100,1
pca,global,arnold,baoding_p1_ccw,38,0.9950111893810074,0.8495,0.02374020850793017,100,1
pca,global,arnold,baoding_p1_ccw,39,0.9999998709559504,0.96695,0.007503297608385263,100,1
pca,global,arnold,baoding_p1_cw,1,0.0333132714058901,0.01,0.0,100,1
pca,global,arnold,baoding_p1_cw,2,0.04778767083340592,0.01,0.0,100,1
pca,global,arnold,baoding_p1_cw,3,0.1742541469717319,0.01,0.0,100,1
pca,global,arnold,baoding_p1_cw,4,0.2034898432492037,0.015,0.0,100,1
pca,global,arnold,baoding_p1_cw,5,0.32603478119273266,0.03,0.0,100,1
pca,global,arnold,baoding_p1_cw,6,0.3682444449562236,0.02,0.0,100,1
pca,global,arnold,baoding_p1_cw,7,0.4173332049655458,0.005,0.0,100,1
pca,global,arnold,baoding_p1_cw,8,0.4888329197767461,0.01,0.0,100,1
pca,global,arnold,baoding_p1_cw,9,0.5384051028349026,0.0105,0.0004974937185533102,100,1
pca,global,arnold,baoding_p1_cw,10,0.5675644008630862,0.1492,0.000795989949685296,100,1
pca,global,arnold,baoding_p1_cw,11,0.6252254375459931,0.0481,0.00256785903039867,100,1
pca,global,arnold,baoding_p1_cw,12,0.6746758245878955,0.02875,0.0009832980219648569,100,1
pca,global,arnold,baoding_p1_cw,13,0.7061089566543608,0.1167,0.0053857311481357835,100,1
pca,global,arnold,baoding_p1_cw,14,0.7209521968571362,0.0969,0.0007133722730804723,100,1
pca,global,arnold,baoding_p1_cw,15,0.7423766441388943,0.09720000000000001,0.0030735321699959482,100,1
pca,global,arnold,baoding_p1_cw,16,0.7607978578561492,0.15025,0.006687441588529952,100,1
pca,global,arnold,baoding_p1_cw,17,0.7792679830794256,0.2455,0.010975085421079873,100,1
pca,global,arnold,baoding_p1_cw,18,0.7986504249840334,0.3249,0.014734479970463838,100,1
pca,global,arnold,baoding_p1_cw,19,0.8199289807862847,0.47575,0.01349821747491127,100,1
pca,global,arnold,baoding_p1_cw,20,0.8322840585531384,0.58195,0.007117898215063209,100,1
pca,global,arnold,baoding_p1_cw,21,0.8433804614146312,0.50515,0.012986811579444741,100,1
pca,global,arnold,baoding_p1_cw,22,0.8536962479605736,0.47340000000000004,0.014426690542186038,100,1
pca,global,arnold,baoding_p1_cw,23,0.8635016036027933,0.37854999999999994,0.015565232892571829,100,1
pca,global,arnold,baoding_p1_cw,24,0.8806387578123105,0.6024499999999999,0.009111941340899866,100,1
pca,global,arnold,baoding_p1_cw,25,0.8940447246750021,0.7469,0.013293189985853658,100,1
pca,global,arnold,baoding_p1_cw,26,0.901856089116069,0.7555,0.010288950383785512,100,1
pca,global,arnold,baoding_p1_cw,27,0.9114414178532817,0.80455,0.00783137759273552,100,1
pca,global,arnold,baoding_p1_cw,28,0.9256152096825675,0.62535,0.010816712763127252,100,1
pca,global,arnold,baoding_p1_cw,29,0.9330896961255007,0.5648,0.009385872362226114,100,1
pca,global,arnold,baoding_p1_cw,30,0.9395872178487075,0.54165,0.022538417757242853,100,1
pca,global,arnold,baoding_p1_cw,31,0.9527127131740195,0.4239,0.027138126317047023,100,1
pca,global,arnold,baoding_p1_cw,32,0.9593286059350008,0.5205,0.021456991867454298,100,1
pca,global,arnold,baoding_p1_cw,33,0.9681579583090412,0.43445,0.028748903892148653,100,1
pca,global,arnold,baoding_p1_cw,34,0.9736552666574564,0.9394,0.0026021913841990946,100,1
pca,global,arnold,baoding_p1_cw,35,0.9817453826921348,0.94395,0.0005352335938634645,100,1
pca,global,arnold,baoding_p1_cw,36,0.9858810486230285,0.9420999999999999,0.0012066068125118471,100,1
pca,global,arnold,baoding_p1_cw,37,0.9903370441322878,0.9348000000000001,0.005268737989310154,100,1
pca,global,arnold,baoding_p1_cw,38,0.9958460793446284,0.9420999999999999,0.0011072036849649662,100,1
pca,global,arnold,baoding_p1_cw,39,0.9999998942282146,0.94755,0.0005499772722576817,100,1
pca,global,arnold,baoding_p2,1,0.03919048660017218,0.0003,0.00015524174696260028,100,1
pca,global,arnold,baoding_p2,2,0.06024848282198239,0.0006,0.00031843366656181314,100,1
pca,global,arnold,baoding_p2,3,0.1384262083335441,0.0011,0.0005078385570237849,100,1
pca,global,arnold,baoding_p2,4,0.18124210493738604,0.00095,0.0004674130935264865,100,1
pca,global,arnold,baoding_p2,5,0.2692792748130831,0.0016,0.0006514598989960932,100,1
pca,global,arnold,baoding_p2,6,0.33688503199476133,0.0003,0.000298496231131986,100,1
pca,global,arnold,baoding_p2,7,0.36817100493750493,0.0005,0.0003500000000000001,100,1
pca,global,arnold,baoding_p2,8,0.43151634888046464,0.0016,0.0006628725367670619,100,1
pca,global,arnold,baoding_p2,9,0.4694866505284264,0.00115,0.0004350574674683793,100,1
pca,global,arnold,baoding_p2,10,0.5059813435750999,0.0418,0.012030278467267494,100,1
pca,global,arnold,baoding_p2,11,0.5210754589732128,0.0137,0.0033879344739826357,100,1
pca,global,arnold,baoding_p2,12,0.5523383023190606,0.02465,0.007341748769877648,100,1
pca,global,arnold,baoding_p2,13,0.5727906109462529,0.0223,0.008292291601240273,100,1
pca,global,arnold,baoding_p2,14,0.5875823025649269,0.0246,0.006529425702157885,100,1
pca,global,arnold,baoding_p2,15,0.6284298588824843,0.0412,0.012894595767219692,100,1
pca,global,arnold,baoding_p2,16,0.6643118017152136,0.046349999999999995,0.013414144586964912,100,1
pca,global,arnold,baoding_p2,17,0.690971028670829,0.0473,0.014508001240694735,100,1
pca,global,arnold,baoding_p2,18,0.7132275864388589,0.0593,0.012376190851792805,100,1
pca,global,arnold,baoding_p2,19,0.7435103620205984,0.1458,0.0239741235501947,100,1
pca,global,arnold,baoding_p2,20,0.769046776400697,0.19505,0.026395501037108575,100,1
pca,global,arnold,baoding_p2,21,0.7858491159051375,0.33039999999999997,0.03018622864817664,100,1
pca,global,arnold,baoding_p2,22,0.7986735601905322,0.3225,0.030737151787372886,100,1
pca,global,arnold,baoding_p2,23,0.8163512218510368,0.3333,0.027628628268518873,100,1
pca,global,arnold,baoding_p2,24,0.8344871141699555,0.41295000000000004,0.03396373764767358,100,1
pca,global,arnold,baoding_p2,25,0.8523956396847479,0.45485,0.034534508466170476,100,1
pca,global,arnold,baoding_p2,26,0.8639353658085489,0.4458,0.030539950884046946,100,1
pca,global,arnold,baoding_p2,27,0.8794332815201437,0.5711999999999999,0.030019003980811892,100,1
pca,global,arnold,baoding_p2,28,0.8907150313790425,0.52705,0.02975937625354402,100,1
pca,global,arnold,baoding_p2,29,0.9036037319117014,0.51725,0.028693411700249243,100,1
pca,global,arnold,baoding_p2,30,0.9185732865914821,0.569,0.030295049100471844,100,1
pca,global,arnold,baoding_p2,31,0.9279585060372694,0.5668,0.030440476343184905,100,1
pca,global,arnold,baoding_p2,32,0.9364238364856614,0.5575,0.027313229395294875,100,1
pca,global,arnold,baoding_p2,33,0.9444453845242402,0.5508,0.030468321253393667,100,1
pca,global,arnold,baoding_p2,34,0.9550527742342024,0.50235,0.032021746907375304,100,1
pca,global,arnold,baoding_p2,35,0.9624061630623019,0.5671,0.02879037860119245,100,1
pca,global,arnold,baoding_p2,36,0.9743967636320716,0.5982500000000001,0.02803840000784638,100,1
pca,global,arnold,baoding_p2,37,0.9846775270248161,0.5927,0.029859623239418136,100,1
pca,global,arnold,baoding_p2,38,0.9923445417689032,0.60155,0.028497253815060842,100,1
pca,global,arnold,baoding_p2,39,0.9999998874301528,0.5596,0.029022894411136875,100,1
pca,global,arnold,baoding_p2_overlap,1,0.03955416892101096,0.00105,0.0002376446927663229,100,1
pca,global,arnold,baoding_p2_overlap,2,0.059162953789662416,0.00145,0.00031855140872392946,100,1
pca,global,arnold,baoding_p2_overlap,3,0.14365567765104711,0.00115,0.00025352514668174433,100,1
pca,global,arnold,baoding_p2_overlap,4,0.18757049293358094,0.00345,0.0007269628601242295,100,1
pca,global,arnold,baoding_p2_overlap,5,0.2719745844283318,0.00475,0.0008728545125048046,100,1
pca,global,arnold,baoding_p2_overlap,6,0.3418567956042438,0.0014000000000000002,0.0004476605857119878,100,1
pca,global,arnold,baoding_p2_overlap,7,0.3785671085667396,0.0009,0.0001920937271229855,100,1
pca,global,arnold,baoding_p2_overlap,8,0.45795732082903456,0.00955,0.007503031054180702,100,1
pca,global,arnold,baoding_p2_overlap,9,0.49904615947678715,0.0025,0.0004769696007084728,100,1
pca,global,arnold,baoding_p2_overlap,10,0.5278557215310323,0.0616,0.014870588421444526,100,1
pca,global,arnold,baoding_p2_overlap,11,0.5426218892918637,0.047400000000000005,0.010213833756234724,100,1
pca,global,arnold,baoding_p2_overlap,12,0.5678983542163433,0.0454,0.008936072962996667,100,1
pca,global,arnold,baoding_p2_overlap,13,0.5886772951509837,0.0592,0.012269009739991241,100,1
pca,global,arnold,baoding_p2_overlap,14,0.6037126564519076,0.037599999999999995,0.008761130064095613,100,1
pca,global,arnold,baoding_p2_overlap,15,0.6416232349933283,0.05605,0.012063435455955323,100,1
pca,global,arnold,baoding_p2_overlap,16,0.6787295518369234,0.07505,0.01882611152097002,100,1
pca,global,arnold,baoding_p2_overlap,17,0.7072567153002735,0.11975,0.02446092547308871,100,1
pca,global,arnold,baoding_p2_overlap,18,0.7279752896515966,0.0818,0.019689276269076017,100,1
pca,global,arnold,baoding_p2_overlap,19,0.760664183716039,0.22,0.029708921219054725,100,1
pca,global,arnold,baoding_p2_overlap,20,0.7878098986023119,0.27545000000000003,0.03269151992489795,100,1
pca,global,arnold,baoding_p2_overlap,21,0.8029258768901604,0.34965,0.03483649343719888,100,1
pca,global,arnold,baoding_p2_overlap,22,0.8143265011283906,0.425,0.033690354702792906,100,1
pca,global,arnold,baoding_p2_overlap,23,0.8321134036805756,0.41575,0.03138696982825835,100,1
pca,global,arnold,baoding_p2_overlap,24,0.8496409057670224,0.5499499999999999,0.03416558904804658,100,1
pca,global,arnold,baoding_p2_overlap,25,0.8679364785031817,0.59665,0.03298545550693517,100,1
pca,global,arnold,baoding_p2_overlap,26,0.8792076595493759,0.61515,0.03234025780664094,100,1
pca,global,arnold,baoding_p2_overlap,27,0.8958595128155835,0.67155,0.03053364496747809,100,1
pca,global,arnold,baoding_p2_overlap,28,0.9041109796887273,0.6408499999999999,0.033009623975440855,100,1
pca,global,arnold,baoding_p2_overlap,29,0.9145278244803533,0.6019,0.03272902228909382,100,1
pca,global,arnold,baoding_p2_overlap,30,0.9272585324766398,0.6227,0.034751936636682565,100,1
pca,global,arnold,baoding_p2_overlap,31,0.9347598592292837,0.6839,0.030771462428685448,100,1
pca,global,arnold,baoding_p2_overlap,32,0.9408105174759497,0.618,0.030678005150270117,100,1
pca,global,arnold,baoding_p2_overlap,33,0.9473678237862666,0.6297,0.031874897646894496,100,1
pca,global,arnold,baoding_p2_overlap,34,0.9577025271379842,0.47165,0.037716777102504394,100,1
pca,global,arnold,baoding_p2_overlap,35,0.9650212485475675,0.5674,0.035412037501392095,100,1
pca,global,arnold,baoding_p2_overlap,36,0.976455169764765,0.65545,0.02894046431901189,100,1
pca,global,arnold,baoding_p2_overlap,37,0.9858990332243454,0.71525,0.027045551852384154,100,1
pca,global,arnold,baoding_p2_overlap,38,0.9928405886121726,0.70625,0.026291669307976627,100,1
pca,global,arnold,baoding_p2_overlap,39,0.9999999124490997,0.6907,0.026296199345152527,100,1
pca,global,arnold,hand_index_reach,1,0.15638293544175677,0.0,0.0,100,1
pca,global,arnold,hand_index_reach,2,0.17378358699169183,0.0,0.0,100,1
pca,global,arnold,hand_index_reach,3,0.23164402796246525,0.0,0.0,100,1
pca,global,arnold,hand_index_reach,4,0.24606893370806113,0.0,0.0,100,1
pca,global,arnold,hand_index_reach,5,0.31439179204773343,0.1593,0.024823075957664878,100,1
pca,global,arnold,hand_index_reach,6,0.34540857736591585,0.32630000000000003,0.02863971193989213,100,1
pca,global,arnold,hand_index_reach,7,0.4081116333385814,0.0246,0.007801820300417075,100,1
pca,global,arnold,hand_index_reach,8,0.4399662685915185,0.6675,0.02764972875092991,100,1
pca,global,arnold,hand_index_reach,9,0.49879329496321384,0.1291,0.023027416268439675,100,1
pca,global,arnold,hand_index_reach,10,0.5289075113643253,0.2994,0.03382005913655386,100,1
pca,global,arnold,hand_index_reach,11,0.5508823739712978,0.30469999999999997,0.03776571328599527,100,1
pca,global,arnold,hand_index_reach,12,0.6122714142941353,0.4382,0.03826209089947908,100,1
pca,global,arnold,hand_index_reach,13,0.6329146032880125,0.7306999999999999,0.03462029895884783,100,1
pca,global,arnold,hand_index_reach,14,0.650962426884943,0.6794,0.0347950628681714,100,1
pca,global,arnold,hand_index_reach,15,0.6917496641333876,0.7202,0.03406434499590444,100,1
pca,global,arnold,hand_index_reach,16,0.7228040536099353,0.7075,0.01834032442461147,100,1
pca,global,arnold,hand_index_reach,17,0.7471007625830356,0.7609,0.018493293378952273,100,1
pca,global,arnold,hand_index_reach,18,0.7791323446648956,0.7984,0.019279896265281097,100,1
pca,global,arnold,hand_index_reach,19,0.7861573634707348,0.8020999999999999,0.018097676646464875,100,1
pca,global,arnold,hand_index_reach,20,0.8134333937901006,0.8167,0.016040607843844323,100,1
pca,global,arnold,hand_index_reach,21,0.8245806768528464,0.8694,0.009840548765185812,100,1
pca,global,arnold,hand_index_reach,22,0.8396345583527142,0.9234,0.006465632219667308,100,1
pca,global,arnold,hand_index_reach,23,0.8554805070430523,0.9489,0.0030063100305856676,100,1
pca,global,arnold,hand_index_reach,24,0.8661386655669148,0.9427,0.0043677339662575605,100,1
pca,global,arnold,hand_index_reach,25,0.8777415706635209,0.9553,0.0017745703705404304,100,1
pca,global,arnold,hand_index_reach,26,0.9029271630941602,0.9594,0.0009361623790774762,100,1
pca,global,arnold,hand_index_reach,27,0.9111105364925787,0.9606,0.0009981983770774225,100,1
pca,global,arnold,hand_index_reach,28,0.9186715576709747,0.9592,0.0010067770358922574,100,1
pca,global,arnold,hand_index_reach,29,0.9277704155407246,0.9601000000000001,0.0007140728254176881,100,1
pca,global,arnold,hand_index_reach,30,0.9338638580964176,0.9604,0.0008475848040166835,100,1
pca,global,arnold,hand_index_reach,31,0.948358550340136,0.9609000000000001,0.0010497142468310124,100,1
pca,global,arnold,hand_index_reach,32,0.9567578651751142,0.9611,0.0006766830868286868,100,1
pca,global,arnold,hand_index_reach,33,0.9650054653069797,0.9618000000000001,0.0006539113089708726,100,1
pca,global,arnold,hand_index_reach,34,0.9712719287993448,0.9623,0.0007050531894828928,100,1
pca,global,arnold,hand_index_reach,35,0.9761487794379204,0.9627,0.0006611353870426237,100,1
pca,global,arnold,hand_index_reach,36,0.9811917145477006,0.9620000000000001,0.0007874007874011811,100,1
pca,global,arnold,hand_index_reach,37,0.9878736106813224,0.9615,0.0006383572667401852,100,1
pca,global,arnold,hand_index_reach,38,0.994324079226934,0.9623,0.0006458327956987009,100,1
pca,global,arnold,hand_index_reach,39,0.9999999557314938,0.9621999999999999,0.0006257795138864806,100,1
pca,global,arnold,hand_little_reach,1,0.08393706215453321,0.0,0.0,100,1
pca,global,arnold,hand_little_reach,2,0.12141135232458891,0.0,0.0,100,1
pca,global,arnold,hand_little_reach,3,0.139180964205939,0.0,0.0,100,1
pca,global,arnold,hand_little_reach,4,0.20218612085095802,0.0,0.0,100,1
pca,global,arnold,hand_little_reach,5,0.2745813816238949,0.0,0.0,100,1
pca,global,arnold,hand_little_reach,6,0.3086024585792676,0.0,0.0,100,1
pca,global,arnold,hand_little_reach,7,0.3545432996462622,0.0,0.0,100,1
pca,global,arnold,hand_little_reach,8,0.3758353952919206,0.0,0.0,100,1
pca,global,arnold,hand_little_reach,9,0.463822400666185,0.0,0.0,100,1
pca,global,arnold,hand_little_reach,10,0.4699891393039434,0.0,0.0,100,1
pca,global,arnold,hand_little_reach,11,0.6074046581637429,0.0,0.0,100,1
pca,global,arnold,hand_little_reach,12,0.615686670921181,0.0023,0.0016483628241379382,100,1
pca,global,arnold,hand_little_reach,13,0.6821213793156364,0.0004,0.000397994974842648,100,1
pca,global,arnold,hand_little_reach,14,0.7048699028248985,0.0304,0.009497283822230435,100,1
pca,global,arnold,hand_little_reach,15,0.7285971833891136,0.0571,0.015892322045566537,100,1
pca,global,arnold,hand_little_reach,16,0.7372935979578509,0.1573,0.028200657793746583,100,1
pca,global,arnold,hand_little_reach,17,0.7465423300526217,0.1595,0.02777134314360758,100,1
pca,global,arnold,hand_little_reach,18,0.7739514383736843,0.2235,0.03166682017506652,100,1
pca,global,arnold,hand_little_reach,19,0.7939889880737246,0.5824,0.03182267116381024,100,1
pca,global,arnold,hand_little_reach,20,0.8063039073521159,0.6828,0.02692733926699777,100,1
pca,global,arnold,hand_little_reach,21,0.8275497167457019,0.7206,0.024303835088314765,100,1
pca,global,arnold,hand_little_reach,22,0.8422571580878686,0.7306999999999999,0.024007605045068537,100,1
pca,global,arnold,hand_little_reach,23,0.8618772683095091,0.7618,0.022065982869566448,100,1
pca,global,arnold,hand_little_reach,24,0.8665741911423962,0.7531,0.02105976970434387,100,1
pca,global,arnold,hand_little_reach,25,0.8900215784899894,0.7804000000000001,0.021279060129620383,100,1
pca,global,arnold,hand_little_reach,26,0.9120735114915407,0.7781,0.021907850191198584,100,1
pca,global,arnold,hand_little_reach,27,0.923948092913413,0.8210999999999999,0.018806857791773723,100,1
pca,global,arnold,hand_little_reach,28,0.9298083253738724,0.8024,0.021644916262254288,100,1
pca,global,arnold,hand_little_reach,29,0.937643463797243,0.8181999999999999,0.019525050576118877,100,1
pca,global,arnold,hand_little_reach,30,0.9439438883081548,0.836,0.01791647286716892,100,1
pca,global,arnold,hand_little_reach,31,0.9481917192247247,0.89,0.011279184367674819,100,1
pca,global,arnold,hand_little_reach,32,0.9605857758543808,0.9101,0.005328217337909555,100,1
pca,global,arnold,hand_little_reach,33,0.9675168344596812,0.9189,0.002248977545463716,100,1
pca,global,arnold,hand_little_reach,34,0.9699546758844395,0.9208,0.0017302023003105732,100,1
pca,global,arnold,hand_little_reach,35,0.9837721462031322,0.9196,0.0029323028492978017,100,1
pca,global,arnold,hand_little_reach,36,0.9869941930131125,0.9214,0.0014766177569025777,100,1
pca,global,arnold,hand_little_reach,37,0.9965163533889373,0.9224,0.0014907716122867381,100,1
pca,global,arnold,hand_little_reach,38,0.9988749209491068,0.9217,0.0013715319901482427,100,1
pca,global,arnold,hand_little_reach,39,0.9999999085791315,0.9225,0.0014378803844548405,100,1
pca,global,arnold,hand_middle_reach,1,0.15399797514203367,0.0,0.0,100,1
pca,global,arnold,hand_middle_reach,2,0.18946097575716556,0.0,0.0,100,1
pca,global,arnold,hand_middle_reach,3,0.22456251542897587,0.0,0.0,100,1
pca,global,arnold,hand_middle_reach,4,0.23247899346473874,0.0,0.0,100,1
pca,global,arnold,hand_middle_reach,5,0.239261023650352,0.0,0.0,100,1
pca,global,arnold,hand_middle_reach,6,0.36528614325755476,0.0,0.0,100,1
pca,global,arnold,hand_middle_reach,7,0.3848862560088998,0.0,0.0,100,1
pca,global,arnold,hand_middle_reach,8,0.415887596913939,0.0,0.0,100,1
pca,global,arnold,hand_middle_reach,9,0.4920132706249572,0.0583,0.012449140532582963,100,1
pca,global,arnold,hand_middle_reach,10,0.5469326858488225,0.18780000000000002,0.030447850498844745,100,1
pca,global,arnold,hand_middle_reach,11,0.5953943669246967,0.0815,0.021186493338917603,100,1
pca,global,arnold,hand_middle_reach,12,0.6657332791504699,0.39740000000000003,0.04179703817257868,100,1
pca,global,arnold,hand_middle_reach,13,0.6991450622337583,0.8499,0.014459249634749373,100,1
pca,global,arnold,hand_middle_reach,14,0.7086220937786569,0.7091,0.026153429985376682,100,1
pca,global,arnold,hand_middle_reach,15,0.7257357425104286,0.8425,0.011344051304538427,100,1
pca,global,arnold,hand_middle_reach,16,0.7507310744689774,0.7598999999999999,0.020067633143946,100,1
pca,global,arnold,hand_middle_reach,17,0.7633971485993402,0.8105,0.014503361679279741,100,1
pca,global,arnold,hand_middle_reach,18,0.7915609831842993,0.7236,0.027789033808320863,100,1
pca,global,arnold,hand_middle_reach,19,0.8011105294502279,0.8297,0.014667961685251293,100,1
pca,global,arnold,hand_middle_reach,20,0.8115542140246882,0.6862999999999999,0.03285350970596597,100,1
pca,global,arnold,hand_middle_reach,21,0.8268158697782142,0.8495,0.017469616481193856,100,1
pca,global,arnold,hand_middle_reach,22,0.8668027554501467,0.7054,0.035639702580128246,100,1
pca,global,arnold,hand_middle_reach,23,0.8798146019051228,0.7451000000000001,0.03376314410714736,100,1
pca,global,arnold,hand_middle_reach,24,0.9027992818376221,0.9504,0.001048045800525912,100,1
pca,global,arnold,hand_middle_reach,25,0.9138537413420296,0.9520000000000001,0.0006928203230275508,100,1
pca,global,arnold,hand_middle_reach,26,0.9269870954119852,0.9518000000000001,0.0008646386528486914,100,1
pca,global,arnold,hand_middle_reach,27,0.9361262383208361,0.9537,0.0006427285585688565,100,1
pca,global,arnold,hand_middle_reach,28,0.9400566787258703,0.9528,0.0007082372483850309,100,1
pca,global,arnold,hand_middle_reach,29,0.9459455640180837,0.9511,0.001130442391278742,100,1
pca,global,arnold,hand_middle_reach,30,0.9595119205197007,0.9516,0.0008799999999999999,100,1
pca,global,arnold,hand_middle_reach,31,0.9630375928883796,0.9528,0.0007884161337770811,100,1
pca,global,arnold,hand_middle_reach,32,0.9671372183804658,0.9523999999999999,0.0006499230723708768,100,1
pca,global,arnold,hand_middle_reach,33,0.9736148331127008,0.9533,0.0006333245613427605,100,1
pca,global,arnold,hand_middle_reach,34,0.9764243886169278,0.9531000000000001,0.0006737210105080589,100,1
pca,global,arnold,hand_middle_reach,35,0.9848574944409765,0.9540000000000001,0.0006164414002968976,100,1
pca,global,arnold,hand_middle_reach,36,0.9916955748383318,0.9534,0.00062,100,1
pca,global,arnold,hand_middle_reach,37,0.9947736157970322,0.9531999999999999,0.000630555310817378,100,1
pca,global,arnold,hand_middle_reach,38,0.9977451716819027,0.9534999999999999,0.00051720402163943,100,1
pca,global,arnold,hand_middle_reach,39,0.9999999065855382,0.9531999999999999,0.0006144916598294888,100,1
pca,global,arnold,hand_ring_reach,1,0.1357438153474141,0.0,0.0,100,1
pca,global,arnold,hand_ring_reach,2,0.14740076218550696,0.0,0.0,100,1
pca,global,arnold,hand_ring_reach,3,0.23587335872275025,0.0,0.0,100,1
pca,global,arnold,hand_ring_reach,4,0.25428200683447094,0.0,0.0,100,1
pca,global,arnold,hand_ring_reach,5,0.2681833045871432,0.0,0.0,100,1
pca,global,arnold,hand_ring_reach,6,0.3281695453345896,0.0,0.0,100,1
pca,global,arnold,hand_ring_reach,7,0.36967493523582917,0.0,0.0,100,1
pca,global,arnold,hand_ring_reach,8,0.3939166036693424,0.049699999999999994,0.015151537875740535,100,1
pca,global,arnold,hand_ring_reach,9,0.4506298393438766,0.0689,0.010970774813111426,100,1
pca,global,arnold,hand_ring_reach,10,0.5065552136300336,0.2717,0.0322428457180814,100,1
pca,global,arnold,hand_ring_reach,11,0.5624997404798755,0.0311,0.010001894820482766,100,1
pca,global,arnold,hand_ring_reach,12,0.5809512832008789,0.0212,0.0049563696391613085,100,1
pca,global,arnold,hand_ring_reach,13,0.6363525873184831,0.0379,0.013118913826990401,100,1
pca,global,arnold,hand_ring_reach,14,0.7054149626784215,0.022000000000000002,0.006915200647848187,100,1
pca,global,arnold,hand_ring_reach,15,0.7179358393498784,0.1027,0.018743988369608004,100,1
pca,global,arnold,hand_ring_reach,16,0.7298388762639623,0.3544,0.03353992248053057,100,1
pca,global,arnold,hand_ring_reach,17,0.801391286498831,0.7716,0.017509837235108728,100,1
pca,global,arnold,hand_ring_reach,18,0.8050977065507953,0.7404999999999999,0.021142078894943142,100,1
pca,global,arnold,hand_ring_reach,19,0.8166520597073342,0.6881999999999999,0.022571832003627886,100,1
pca,global,arnold,hand_ring_reach,20,0.8341019866226594,0.7372,0.02010327336530049,100,1
pca,global,arnold,hand_ring_reach,21,0.8524869284354627,0.8108,0.01511269664884464,100,1
pca,global,arnold,hand_ring_reach,22,0.8667353306096943,0.8824,0.0099740864243298,100,1
pca,global,arnold,hand_ring_reach,23,0.8827305835361603,0.9405,0.0024994999499899978,100,1
pca,global,arnold,hand_ring_reach,24,0.8974902847440802,0.9449,0.0022737414100992225,100,1
pca,global,arnold,hand_ring_reach,25,0.9065715930042965,0.9445999999999999,0.006317309553916128,100,1
pca,global,arnold,hand_ring_reach,26,0.9208562715406559,0.9508,0.001467514906227531,100,1
pca,global,arnold,hand_ring_reach,27,0.930748020646336,0.9544,0.0009200000000000002,100,1
pca,global,arnold,hand_ring_reach,28,0.9377307837090474,0.9512999999999999,0.0013164725595317206,100,1
pca,global,arnold,hand_ring_reach,29,0.9499809829874668,0.9501000000000001,0.0025592772417227477,100,1
pca,global,arnold,hand_ring_reach,30,0.9529161546865651,0.953,0.0007937253933193771,100,1
pca,global,arnold,hand_ring_reach,31,0.9593412731374584,0.9526,0.0012379014500355024,100,1
pca,global,arnold,hand_ring_reach,32,0.9646717406614677,0.9553,0.0006849087530467106,100,1
pca,global,arnold,hand_ring_reach,33,0.9737732733239294,0.9539,0.0010382196299434912,100,1
pca,global,arnold,hand_ring_reach,34,0.982199062567908,0.9551999999999999,0.000921737489744233,100,1
pca,global,arnold,hand_ring_reach,35,0.9845554047443206,0.9571,0.000697065276713738,100,1
pca,global,arnold,hand_ring_reach,36,0.9894265821566572,0.9566,0.0007774316690230723,100,1
pca,global,arnold,hand_ring_reach,37,0.9936544600294029,0.9566,0.0007102112361825881,100,1
pca,global,arnold,hand_ring_reach,38,0.997918590957293,0.9564,0.0005919459434779496,100,1
pca,global,arnold,hand_ring_reach,39,0.9999998814806798,0.9534999999999999,0.0011434596626029273,100,1
pca,global,arnold,hand_thumb_reach,1,0.12093005342074596,0.011699999999999999,0.005991752665122284,100,1
pca,global,arnold,hand_thumb_reach,2,0.1306652223730738,0.034300000000000004,0.009851147141323189,100,1
pca,global,arnold,hand_thumb_reach,3,0.2084712650097305,0.013999999999999999,0.005489990892524321,100,1
pca,global,arnold,hand_thumb_reach,4,0.2371124539990165,0.067,0.01503828447662831,100,1
pca,global,arnold,hand_thumb_reach,5,0.24499236892931492,0.0475,0.01513167208209324,100,1
pca,global,arnold,hand_thumb_reach,6,0.26910380840749,0.0791,0.017263310806447295,100,1
pca,global,arnold,hand_thumb_reach,7,0.29720504724776803,0.045700000000000005,0.01363616881679015,100,1
pca,global,arnold,hand_thumb_reach,8,0.33217021853706397,0.09820000000000001,0.01658636789655891,100,1
pca,global,arnold,hand_thumb_reach,9,0.3700179165961941,0.09140000000000001,0.01841413587437651,100,1
pca,global,arnold,hand_thumb_reach,10,0.39115904256975603,0.1519,0.024770423896251757,100,1
pca,global,arnold,hand_thumb_reach,11,0.4375118490344439,0.1813,0.02953968686360775,100,1
pca,global,arnold,hand_thumb_reach,12,0.4719839356224813,0.16329999999999997,0.031068973269163566,100,1
pca,global,arnold,hand_thumb_reach,13,0.5042131024365609,0.2168,0.0340308330782542,100,1
pca,global,arnold,hand_thumb_reach,14,0.5148790270740948,0.1975,0.03074064898469126,100,1
pca,global,arnold,hand_thumb_reach,15,0.5439024708406469,0.3739,0.038755617657315174,100,1
pca,global,arnold,hand_thumb_reach,16,0.5650361058321013,0.335,0.03810026246628755,100,1
pca,global,arnold,hand_thumb_reach,17,0.6034892145508639,0.35369999999999996,0.03940879470372065,100,1
pca,global,arnold,hand_thumb_reach,18,0.6416517349197532,0.36060000000000003,0.03880768480597625,100,1
pca,global,arnold,hand_thumb_reach,19,0.6602851093698362,0.40590000000000004,0.040612090564264236,100,1
pca,global,arnold,hand_thumb_reach,20,0.6703774208537433,0.3073,0.03718840007314108,100,1
pca,global,arnold,hand_thumb_reach,21,0.7015247605436866,0.4349,0.04228699445456014,100,1
pca,global,arnold,hand_thumb_reach,22,0.7271170651209657,0.3986,0.04169820619643007,100,1
pca,global,arnold,hand_thumb_reach,23,0.7494852332865145,0.3724,0.04157381868435952,100,1
pca,global,arnold,hand_thumb_reach,24,0.7620451204829788,0.32909999999999995,0.039808816862599676,100,1
pca,global,arnold,hand_thumb_reach,25,0.7775941787907219,0.4523,0.043892335321784826,100,1
pca,global,arnold,hand_thumb_reach,26,0.8063164270713861,0.4474,0.0454012378685868,100,1
pca,global,arnold,hand_thumb_reach,27,0.8236225842722744,0.4238,0.04516830304538792,100,1
pca,global,arnold,hand_thumb_reach,28,0.8425511344328708,0.508,0.046253864703395334,100,1
pca,global,arnold,hand_thumb_reach,29,0.8613085358424278,0.4415,0.04676994227065071,100,1
pca,global,arnold,hand_thumb_reach,30,0.8766684415894715,0.48340000000000005,0.04689354326557123,100,1
pca,global,arnold,hand_thumb_reach,31,0.8948964221005781,0.5047999999999999,0.04793046630275987,100,1
pca,global,arnold,hand_thumb_reach,32,0.9134927020619086,0.5115,0.04666462793165719,100,1
pca,global,arnold,hand_thumb_reach,33,0.9412029657528762,0.4874,0.04832548396032884,100,1
pca,global,arnold,hand_thumb_reach,34,0.9519809850983866,0.4891,0.047983767046783636,100,1
pca,global,arnold,hand_thumb_reach,35,0.9648434603185162,0.5227,0.048367314376549786,100,1
pca,global,arnold,hand_thumb_reach,36,0.9746730057798809,0.4717,0.047749775915704576,100,1
pca,global,arnold,hand_thumb_reach,37,0.9846607527841791,0.539,0.04822063873488197,100,1
pca,global,arnold,hand_thumb_reach,38,0.9910962906571257,0.532,0.04838718838701005,100,1
pca,global,arnold,hand_thumb_reach,39,0.9999999338910153,0.5133,0.047992094140597776,100,1
pca,global,arnold,pen,1,0.056835919144242325,0.0131,0.0062461107899236005,100,1
pca,global,arnold,pen,2,0.15181937406975443,0.0325,0.015056144924913549,100,1
pca,global,arnold,pen,3,0.1710163927230573,0.0897,0.02610074903139755,100,1
pca,global,arnold,pen,4,0.19881623349278493,0.0703,0.02390123636969435,100,1
pca,global,arnold,pen,5,0.3462771969868523,0.0672,0.022803543584276546,100,1
pca,global,arnold,pen,6,0.4525137588171021,0.0834,0.024660583934692216,100,1
pca,global,arnold,pen,7,0.5037910564294992,0.0599,0.021238406249057394,100,1
pca,global,arnold,pen,8,0.5911969101425,0.1559,0.03223665460310669,100,1
pca,global,arnold,pen,9,0.6148429082399712,0.1352,0.027295596714488585,100,1
pca,global,arnold,pen,10,0.6575336196259681,0.1114,0.026194663578675715,100,1
pca,global,arnold,pen,11,0.6777308629304212,0.1444,0.028868778983531674,100,1
pca,global,arnold,pen,12,0.6922059310231062,0.1313,0.02787100823436426,100,1
pca,global,arnold,pen,13,0.7235798353834659,0.22899999999999998,0.033462366921662906,100,1
pca,global,arnold,pen,14,0.7541104861969089,0.2682,0.03466680833304388,100,1
pca,global,arnold,pen,15,0.7798361520235962,0.2918,0.03534724317397327,100,1
pca,global,arnold,pen,16,0.798217908318439,0.33649999999999997,0.03830179499710163,100,1
pca,global,arnold,pen,17,0.8134101966531222,0.3907,0.035789734561742705,100,1
pca,global,arnold,pen,18,0.8270303371224202,0.4642,0.032897775000750425,100,1
pca,global,arnold,pen,19,0.8440328030012032,0.47,0.033257480361566776,100,1
pca,global,arnold,pen,20,0.8654127947963479,0.483,0.03128625896459977,100,1
pca,global,arnold,pen,21,0.8816561626280653,0.5726,0.027746214156169128,100,1
pca,global,arnold,pen,22,0.8917848112551297,0.599,0.027131347183654553,100,1
pca,global,arnold,pen,23,0.9058042086826829,0.613,0.024393236767596055,100,1
pca,global,arnold,pen,24,0.9196389512259764,0.5709000000000001,0.02925101536699196,100,1
pca,global,arnold,pen,25,0.926289856251595,0.6172,0.027992170333863003,100,1
pca,global,arnold,pen,26,0.9299756304728194,0.5355,0.02754391947417796,100,1
pca,global,arnold,pen,27,0.9386302657763814,0.5922,0.028121017051308792,100,1
pca,global,arnold,pen,28,0.9499733721949318,0.6389,0.025101750934944756,100,1
pca,global,arnold,pen,29,0.9583889564464972,0.6248,0.027300358971998884,100,1
pca,global,arnold,pen,30,0.9671885724092906,0.6095,0.024926040600143456,100,1
pca,global,arnold,pen,31,0.9720096451104818,0.615,0.02644787326043438,100,1
pca,global,arnold,pen,32,0.9756517261522959,0.6277,0.023039902343543042,100,1
pca,global,arnold,pen,33,0.9780981508324783,0.6225,0.024532987995757875,100,1
pca,global,arnold,pen,34,0.9829653304552104,0.6314,0.022159882671169542,100,1
pca,global,arnold,pen,35,0.9880794265876266,0.6655,0.02042467870004324,100,1
pca,global,arnold,pen,36,0.9914444688510945,0.6529,0.02072838392156996,100,1
pca,global,arnold,pen,37,0.9951396792517657,0.6758,0.019049503930548953,100,1
pca,global,arnold,pen,38,0.9972195295760489,0.6822,0.019168505419046106,100,1
pca,global,arnold,pen,39,0.9999997369495767,0.6183,0.022289932705147408,100,1
pca,global,arnold,reorient,1,0.2885856230084513,0.01753333333333333,0.010583700256106611,100,1
pca,global,arnold,reorient,2,0.3423712373046098,0.02146666666666667,0.011155299687194023,100,1
pca,global,arnold,reorient,3,0.3931120967169266,0.01,0.0037469987990390394,100,1
pca,global,arnold,reorient,4,0.42060659149999235,0.006866666666666667,0.002677403385537728,100,1
pca,global,arnold,reorient,5,0.44432006193538437,0.0074666666666666675,0.0026166645435235546,100,1
pca,global,arnold,reorient,6,0.4941799810423144,0.011266666666666666,0.004058127647080609,100,1
pca,global,arnold,reorient,7,0.5116966242725763,0.1038,0.023116373225727065,100,1
pca,global,arnold,reorient,8,0.5379424974793208,0.1098,0.024165991714712547,100,1
pca,global,arnold,reorient,9,0.5587915699263921,0.11159999999999999,0.020968467331262487,100,1
pca,global,arnold,reorient,10,0.5633988801605886,0.1078,0.02426979009202822,100,1
pca,global,arnold,reorient,11,0.5779058431324574,0.09886666666666667,0.022586535812293126,100,1
pca,global,arnold,reorient,12,0.5956528005597308,0.19786666666666666,0.031244253516091204,100,1
pca,global,arnold,reorient,13,0.6278253175567958,0.3166,0.034719382354977325,100,1
pca,global,arnold,reorient,14,0.7022544304320272,0.4666666666666667,0.031687081139024326,100,1
pca,global,arnold,reorient,15,0.7259190395353528,0.4701333333333333,0.03160878640153364,100,1
pca,global,arnold,reorient,16,0.7313803715895655,0.3960666666666666,0.034922147700277545,100,1
pca,global,arnold,reorient,17,0.740783286424225,0.31446666666666667,0.0334755705287038,100,1
pca,global,arnold,reorient,18,0.7661642664945546,0.28540000000000004,0.035118680688962865,100,1
pca,global,arnold,reorient,19,0.7780885930943606,0.2606,0.03264939611488498,100,1
pca,global,arnold,reorient,20,0.8017404328375355,0.36573333333333335,0.03375691139110133,100,1
pca,global,arnold,reorient,21,0.840575365085555,0.5135333333333333,0.03406248571865144,100,1
pca,global,arnold,reorient,22,0.8575613202831504,0.5381333333333334,0.03158946097109674,100,1
pca,global,arnold,reorient,23,0.8764414768280198,0.5982000000000001,0.0296938235253656,100,1
pca,global,arnold,reorient,24,0.882468138390695,0.5654,0.032613929539385474,100,1
pca,global,arnold,reorient,25,0.8953532340270441,0.6510666666666667,0.026009950232768832,100,1
pca,global,arnold,reorient,26,0.9073218984074733,0.6311333333333333,0.03132639001083769,100,1
pca,global,arnold,reorient,27,0.9168094379903956,0.6369333333333334,0.030542272345062998,100,1
pca,global,arnold,reorient,28,0.9266057386836627,0.6556666666666666,0.029940589321001826,100,1
pca,global,arnold,reorient,29,0.9354898812733585,0.615,0.03292474584395283,100,1
pca,global,arnold,reorient,30,0.9491386599560311,0.6676666666666667,0.03041437890939817,100,1
pca,global,arnold,reorient,31,0.9593674608002033,0.6860666666666666,0.02890353227164074,100,1
pca,global,arnold,reorient,32,0.9636356476120854,0.7586,0.024733835574415507,100,1
pca,global,arnold,reorient,33,0.9679797098949591,0.7079333333333333,0.028830492345585934,100,1
pca,global,arnold,reorient,34,0.9733021955743482,0.7574666666666667,0.024336124040884845,100,1
pca,global,arnold,reorient,35,0.9794617677571574,0.7803333333333333,0.024314307630602102,100,1
pca,global,arnold,reorient,36,0.9850017887896473,0.7982,0.01983304873745391,100,1
pca,global,arnold,reorient,37,0.9885333335384201,0.7296666666666667,0.02837767119095967,100,1
pca,global,arnold,reorient,38,0.9926893938922352,0.7659333333333334,0.02489156840734986,100,1
pca,global,arnold,reorient,39,0.9999999180864079,0.7541333333333333,0.028853542821174197,100,1
pca,task,arnold,baoding_p1_ccw,1,0.23157787967308827,0.005,0.0,20,1
pca,task,arnold,baoding_p1_ccw,2,0.39310924762450744,0.005,0.0,20,1
pca,task,arnold,baoding_p1_ccw,3,0.5172286141310563,0.005,0.0,20,1
pca,task,arnold,baoding_p1_ccw,4,0.6069590679456142,0.005,0.0,20,1
pca,task,arnold,baoding_p1_ccw,5,0.6675382225940796,0.005,0.0,20,1
pca,task,arnold,baoding_p1_ccw,6,0.7133372197134249,0.005,0.0,20,1
pca,task,arnold,baoding_p1_ccw,7,0.753186164511962,0.01175,0.001668644659596524,20,1
pca,task,arnold,baoding_p1_ccw,8,0.7854379891486237,0.006500000000000001,0.0010062305898749055,20,1
pca,task,arnold,baoding_p1_ccw,9,0.8141597807202644,0.0315,0.0017356554957709785,20,1
pca,task,arnold,baoding_p1_ccw,10,0.8385701078461727,0.05075,0.0113703287111675,20,1
pca,task,arnold,baoding_p1_ccw,11,0.8577402703430401,0.01225,0.005803824170320806,20,1
pca,task,arnold,baoding_p1_ccw,12,0.8746025465233147,0.0055000000000000005,0.00048733971724044823,20,1
pca,task,arnold,baoding_p1_ccw,13,0.8888187760633535,0.006,0.000570087712549569,20,1
pca,task,arnold,baoding_p1_ccw,14,0.9019347007574585,0.0415,0.009193068040648887,20,1
pca,task,arnold,baoding_p1_ccw,15,0.9132067059606646,0.0305,0.007873214083206426,20,1
pca,task,arnold,baoding_p1_ccw,16,0.9236358280004106,0.0605,0.008410558839934478,20,1
pca,task,arnold,baoding_p1_ccw,17,0.9320884745910021,0.0815,0.040121845670407524,20,1
pca,task,arnold,baoding_p1_ccw,18,0.9400445269241585,0.03325,0.005003436319171054,20,1
pca,task,arnold,baoding_p1_ccw,19,0.9469529453711583,0.0335,0.011874868420323653,20,1
pca,task,arnold,baoding_p1_ccw,20,0.9534088774881139,0.0625,0.014972892172189046,20,1
pca,task,arnold,baoding_p1_ccw,21,0.9592035610220102,0.86425,0.040454102078775644,20,1
pca,task,arnold,baoding_p1_ccw,22,0.9642679930160012,0.8654999999999999,0.04132478070117251,20,1
pca,task,arnold,baoding_p1_ccw,23,0.9688053858744622,0.925,0.03251153641401772,20,1
pca,task,arnold,baoding_p1_ccw,24,0.9723767573046095,0.96325,0.024411255088585673,20,1
pca,task,arnold,baoding_p1_ccw,25,0.9756899816832878,0.31024999999999997,0.08899541771911629,20,1
pca,task,arnold,baoding_p1_ccw,26,0.9788928589537851,0.91125,0.021580879847679982,20,1
pca,task,arnold,baoding_p1_ccw,27,0.9815810757857881,0.60875,0.08071158141803442,20,1
pca,task,arnold,baoding_p1_ccw,28,0.9839867112750816,0.63375,0.07890173873242591,20,1
pca,task,arnold,baoding_p1_ccw,29,0.9863471175917993,0.94975,0.02418541657693743,20,1
pca,task,arnold,baoding_p1_ccw,30,0.9884118231635955,0.987,0.0054931775867889075,20,1
pca,task,arnold,baoding_p1_ccw,31,0.9902570664587848,0.9765,0.007349319696407279,20,1
pca,task,arnold,baoding_p1_ccw,32,0.9919827839132923,0.9484999999999999,0.01048272388265569,20,1
pca,task,arnold,baoding_p1_ccw,33,0.99363948323761,0.713,0.04605078718111125,20,1
pca,task,arnold,baoding_p1_ccw,34,0.9950433208759472,0.9677500000000001,0.010425179854563663,20,1
pca,task,arnold,baoding_p1_ccw,35,0.9963667853866199,0.9445,0.02395281820579783,20,1
pca,task,arnold,baoding_p1_ccw,36,0.9974791911364418,0.94625,0.02534480962643042,20,1
pca,task,arnold,baoding_p1_ccw,37,0.9984518298937084,0.9684999999999999,0.013276388816240657,20,1
pca,task,arnold,baoding_p1_ccw,38,0.9993273666087945,0.97175,0.014672572201219525,20,1
pca,task,arnold,baoding_p1_ccw,39,1.0000001107454242,0.7859999999999999,0.07432832569081588,20,1
pca,task,arnold,baoding_p1_cw,1,0.2757655373159945,0.005,0.0,20,1
pca,task,arnold,baoding_p1_cw,2,0.4476199002014933,0.005,0.0,20,1
pca,task,arnold,baoding_p1_cw,3,0.577095306572714,0.005,0.0,20,1
pca,task,arnold,baoding_p1_cw,4,0.6559102010612629,0.02,0.0,20,1
pca,task,arnold,baoding_p1_cw,5,0.7084253370182629,0.005,0.0,20,1
pca,task,arnold,baoding_p1_cw,6,0.7555809458940084,0.01,0.0,20,1
pca,task,arnold,baoding_p1_cw,7,0.7943603000033091,0.01,0.0,20,1
pca,task,arnold,baoding_p1_cw,8,0.8239645659940281,0.015,0.0,20,1
pca,task,arnold,baoding_p1_cw,9,0.8475173135920145,0.005,0.0,20,1
pca,task,arnold,baoding_p1_cw,10,0.8647281099550046,0.01,0.0,20,1
pca,task,arnold,baoding_p1_cw,11,0.8810364501766215,0.0165,0.0020031225624010133,20,1
pca,task,arnold,baoding_p1_cw,12,0.8964467535776227,0.21275,0.006339114685821671,20,1
pca,task,arnold,baoding_p1_cw,13,0.9105074103638324,0.0075,0.0005590169943749474,20,1
pca,task,arnold,baoding_p1_cw,14,0.9233586181072228,0.15375,0.0006959705453537527,20,1
pca,task,arnold,baoding_p1_cw,15,0.9350696137259717,0.19875,0.006029873547596167,20,1
pca,task,arnold,baoding_p1_cw,16,0.9437704152564981,0.15975,0.00024366985862022406,20,1
pca,task,arnold,baoding_p1_cw,17,0.9513777606978842,0.168,0.0017464249196572975,20,1
pca,task,arnold,baoding_p1_cw,18,0.9575452838976514,0.19274999999999998,0.0005562148865321747,20,1
pca,task,arnold,baoding_p1_cw,19,0.9629190194612378,0.188,0.00102469507659596,20,1
pca,task,arnold,baoding_p1_cw,20,0.9674632980541296,0.16899999999999998,0.0013038404810405296,20,1
pca,task,arnold,baoding_p1_cw,21,0.9717083411930032,0.18425,0.0038123975396068027,20,1
pca,task,arnold,baoding_p1_cw,22,0.975707899154075,0.8465,0.039172854121189586,20,1
pca,task,arnold,baoding_p1_cw,23,0.9793337632954634,0.8855,0.013119165369793916,20,1
pca,task,arnold,baoding_p1_cw,24,0.9826400788007962,0.935,0.0017320508075688774,20,1
pca,task,arnold,baoding_p1_cw,25,0.9851713464213477,0.92525,0.0032108215459598494,20,1
pca,task,arnold,baoding_p1_cw,26,0.9874480118322645,0.9327500000000001,0.004205279419967238,20,1
pca,task,arnold,baoding_p1_cw,27,0.9895047420404152,0.9392499999999999,0.0016307590257300434,20,1
pca,task,arnold,baoding_p1_cw,28,0.991353846558699,0.94625,0.0010532687216470446,20,1
pca,task,arnold,baoding_p1_cw,29,0.9927993764992724,0.93875,0.004456385867493972,20,1
pca,task,arnold,baoding_p1_cw,30,0.9941009476428061,0.94475,0.001297834735241741,20,1
pca,task,arnold,baoding_p1_cw,31,0.9952658420525615,0.943,0.0010839741694339399,20,1
pca,task,arnold,baoding_p1_cw,32,0.9963665937529755,0.9427500000000001,0.001676119029186173,20,1
pca,task,arnold,baoding_p1_cw,33,0.9971447701350381,0.9442499999999999,0.001812284469943943,20,1
pca,task,arnold,baoding_p1_cw,34,0.9978324467351242,0.9445,0.001364734406395618,20,1
pca,task,arnold,baoding_p1_cw,35,0.9983892532920111,0.94575,0.001426315182559591,20,1
pca,task,arnold,baoding_p1_cw,36,0.9989141042088618,0.946,0.001440486029088793,20,1
pca,task,arnold,baoding_p1_cw,37,0.9993390116867513,0.9490000000000001,0.0011510864433221337,20,1
pca,task,arnold,baoding_p1_cw,38,0.9997219009884648,0.94475,0.0011442792491345808,20,1
pca,task,arnold,baoding_p1_cw,39,0.999999944509962,0.9477500000000001,0.0010882899429839458,20,1
pca,task,arnold,baoding_p2,1,0.21116643697199788,0.005,0.004387482193696061,20,1
pca,task,arnold,baoding_p2,2,0.3470147113272486,0.0055000000000000005,0.003855191305240247,20,1
pca,task,arnold,baoding_p2,3,0.43951561007844914,0.009000000000000001,0.0039465174521342225,20,1
pca,task,arnold,baoding_p2,4,0.5132443147814955,0.0022500000000000003,0.0012487493743742178,20,1
pca,task,arnold,baoding_p2,5,0.5719192557613542,0.025750000000000002,0.010101206611093549,20,1
pca,task,arnold,baoding_p2,6,0.6253785937423478,0.04724999999999999,0.022562344182287437,20,1
pca,task,arnold,baoding_p2,7,0.6730706502966763,0.1495,0.052509403919678996,20,1
pca,task,arnold,baoding_p2,8,0.7066467550387076,0.26275,0.07750522159828975,20,1
pca,task,arnold,baoding_p2,9,0.7347158423923388,0.34275,0.07895843447662826,20,1
pca,task,arnold,baoding_p2,10,0.7606255953037023,0.2195,0.06253189186327245,20,1
pca,task,arnold,baoding_p2,11,0.7847934117014003,0.34775,0.07163054079790267,20,1
pca,task,arnold,baoding_p2,12,0.8043805011133643,0.28850000000000003,0.06541798300161814,20,1
pca,task,arnold,baoding_p2,13,0.8221869492050145,0.409,0.06108764195809165,20,1
pca,task,arnold,baoding_p2,14,0.8388771690115023,0.47200000000000003,0.07117179919040968,20,1
pca,task,arnold,baoding_p2,15,0.8541095428886845,0.5405,0.06435438990465218,20,1
pca,task,arnold,baoding_p2,16,0.8683030315218906,0.27325,0.0690871505780923,20,1
pca,task,arnold,baoding_p2,17,0.8811807095053402,0.56375,0.06517272723309958,20,1
pca,task,arnold,baoding_p2,18,0.8926512667073337,0.54325,0.062493274638156064,20,1
pca,task,arnold,baoding_p2,19,0.9031541823615168,0.39925,0.06861967192431045,20,1
pca,task,arnold,baoding_p2,20,0.9123596787369251,0.5335,0.07479814503047519,20,1
pca,task,arnold,baoding_p2,21,0.9208856166723993,0.52225,0.06430053946118959,20,1
pca,task,arnold,baoding_p2,22,0.9291158413173726,0.61625,0.056854941517866325,20,1
pca,task,arnold,baoding_p2,23,0.9371377140736902,0.5105,0.07454939637582587,20,1
pca,task,arnold,baoding_p2,24,0.9439980600914304,0.5735,0.055128372912684444,20,1
pca,task,arnold,baoding_p2,25,0.9502453165529989,0.63,0.06283908019696023,20,1
pca,task,arnold,baoding_p2,26,0.9559653470063358,0.4705,0.0812172241584259,20,1
pca,task,arnold,baoding_p2,27,0.9614012636666357,0.54175,0.07560859326161279,20,1
pca,task,arnold,baoding_p2,28,0.9666891839628183,0.71575,0.0381973084784779,20,1
pca,task,arnold,baoding_p2,29,0.971349471613162,0.5695,0.05752162636782795,20,1
pca,task,arnold,baoding_p2,30,0.9757992557245813,0.5525,0.05977928152796753,20,1
pca,task,arnold,baoding_p2,31,0.979354285166892,0.547,0.0710153152495995,20,1
pca,task,arnold,baoding_p2,32,0.9826868065373636,0.59125,0.07391876876003821,20,1
pca,task,arnold,baoding_p2,33,0.9857213158604495,0.56975,0.06316790621035337,20,1
pca,task,arnold,baoding_p2,34,0.9886943601968489,0.66425,0.049150629446630685,20,1
pca,task,arnold,baoding_p2,35,0.9914586760588653,0.63575,0.04913918370302868,20,1
pca,task,arnold,baoding_p2,36,0.9938460310182375,0.5802499999999999,0.06588007570578527,20,1
pca,task,arnold,baoding_p2,37,0.9961438047767502,0.485,0.04839679741470503,20,1
pca,task,arnold,baoding_p2,38,0.9981901372599679,0.44975000000000004,0.07719818245917452,20,1
pca,task,arnold,baoding_p2,39,0.9999996415908939,0.56975,0.07636710270135956,20,1
pca,task,arnold,baoding_p2_overlap,1,0.25511457944657806,0.00575,0.0022987768486740943,20,1
pca,task,arnold,baoding_p2_overlap,2,0.3853174333965888,0.0115,0.0037930858150060347,20,1
pca,task,arnold,baoding_p2_overlap,3,0.47778087518002527,0.029500000000000002,0.00986090766613297,20,1
pca,task,arnold,baoding_p2_overlap,4,0.5455079708940146,0.0085,0.0022107690969434142,20,1
pca,task,arnold,baoding_p2_overlap,5,0.6115053614437513,0.02075,0.009036557696379746,20,1
pca,task,arnold,baoding_p2_overlap,6,0.6653823232378487,0.07200000000000001,0.04667226156937329,20,1
pca,task,arnold,baoding_p2_overlap,7,0.7109994110372043,0.1795,0.05527420284364126,20,1
pca,task,arnold,baoding_p2_overlap,8,0.7394247758546459,0.43375,0.08841088380397517,20,1
pca,task,arnold,baoding_p2_overlap,9,0.7667457078557589,0.3835,0.08496845002705415,20,1
pca,task,arnold,baoding_p2_overlap,10,0.7913750741737696,0.42725,0.07223959700192131,20,1
pca,task,arnold,baoding_p2_overlap,11,0.8125190063907766,0.5277499999999999,0.07333099191337862,20,1
pca,task,arnold,baoding_p2_overlap,12,0.8313523702115402,0.54275,0.07204119915020848,20,1
pca,task,arnold,baoding_p2_overlap,13,0.8470927440095235,0.49274999999999997,0.07265799594676418,20,1
pca,task,arnold,baoding_p2_overlap,14,0.8616792018086268,0.55675,0.06786592941233473,20,1
pca,task,arnold,baoding_p2_overlap,15,0.8751724081472316,0.60875,0.054970304483420857,20,1
pca,task,arnold,baoding_p2_overlap,16,0.8879846116933869,0.6607500000000001,0.07057821459203965,20,1
pca,task,arnold,baoding_p2_overlap,17,0.8989117142390206,0.51725,0.08663391007567417,20,1
pca,task,arnold,baoding_p2_overlap,18,0.9092036637466776,0.6875,0.06340889133236757,20,1
pca,task,arnold,baoding_p2_overlap,19,0.9193194085332135,0.6315,0.05625955474406103,20,1
pca,task,arnold,baoding_p2_overlap,20,0.927339631286195,0.6845,0.06812020625335774,20,1
pca,task,arnold,baoding_p2_overlap,21,0.9350061214753663,0.6459999999999999,0.057144116057560985,20,1
pca,task,arnold,baoding_p2_overlap,22,0.9422463473676993,0.655,0.06663613884372353,20,1
pca,task,arnold,baoding_p2_overlap,23,0.9489548613279949,0.58325,0.07424644351751805,20,1
pca,task,arnold,baoding_p2_overlap,24,0.9546167760293421,0.682,0.06019593009498233,20,1
pca,task,arnold,baoding_p2_overlap,25,0.9598340179213674,0.64425,0.06557464734941393,20,1
pca,task,arnold,baoding_p2_overlap,26,0.9645830384907329,0.7390000000000001,0.07201006874041989,20,1
pca,task,arnold,baoding_p2_overlap,27,0.9690927557522343,0.69475,0.055226210941906925,20,1
pca,task,arnold,baoding_p2_overlap,28,0.973260133768273,0.7845,0.042639330435643566,20,1
pca,task,arnold,baoding_p2_overlap,29,0.977273594289049,0.71025,0.05444087963102727,20,1
pca,task,arnold,baoding_p2_overlap,30,0.9806264849566863,0.71075,0.0563662964456598,20,1
pca,task,arnold,baoding_p2_overlap,31,0.9837519438546092,0.75325,0.055296106327661076,20,1
pca,task,arnold,baoding_p2_overlap,32,0.9865089846080767,0.6655,0.0738570409642845,20,1
pca,task,arnold,baoding_p2_overlap,33,0.9889739099155189,0.7092499999999999,0.057683701120853886,20,1
pca,task,arnold,baoding_p2_overlap,34,0.991164131458923,0.691,0.04893567206036921,20,1
pca,task,arnold,baoding_p2_overlap,35,0.9932088980674826,0.6829999999999999,0.06253838821076219,20,1
pca,task,arnold,baoding_p2_overlap,36,0.9951716738648756,0.71825,0.05374624986917691,20,1
pca,task,arnold,baoding_p2_overlap,37,0.9969689292231734,0.57875,0.05598869863642125,20,1
pca,task,arnold,baoding_p2_overlap,38,0.9986184618711045,0.7395,0.05384224642416027,20,1
pca,task,arnold,baoding_p2_overlap,39,0.9999999271633808,0.6727500000000001,0.06650702500488201,20,1
pca,task,arnold,hand_index_reach,1,0.3882588734920197,0.0,0.0,20,1
pca,task,arnold,hand_index_reach,2,0.5399419531455464,0.0085,0.001771298958391835,20,1
pca,task,arnold,hand_index_reach,3,0.6589818537731532,0.037000000000000005,0.029505084307623997,20,1
pca,task,arnold,hand_index_reach,4,0.7322329098535437,0.7625,0.0509208945325983,20,1
pca,task,arnold,hand_index_reach,5,0.7960343230211904,0.6920000000000001,0.06068607748075335,20,1
pca,task,arnold,hand_index_reach,6,0.8329485849731277,0.698,0.06746702898453436,20,1
pca,task,arnold,hand_index_reach,7,0.867838776713498,0.7354999999999999,0.060396502382174415,20,1
pca,task,arnold,hand_index_reach,8,0.8896104573689765,0.8554999999999999,0.037745695118781425,20,1
pca,task,arnold,hand_index_reach,9,0.9071101386658804,0.943,0.011070230349906906,20,1
pca,task,arnold,hand_index_reach,10,0.9231916744160134,0.9079999999999999,0.04110717698893954,20,1
pca,task,arnold,hand_index_reach,11,0.9345742827334186,0.9590000000000001,0.0021095023109728986,20,1
pca,task,arnold,hand_index_reach,12,0.9446349072568395,0.9615,0.0017712989583918348,20,1
pca,task,arnold,hand_index_reach,13,0.9534385191991611,0.961,0.0015652475842498528,20,1
pca,task,arnold,hand_index_reach,14,0.9608056947227379,0.9640000000000001,0.00130384048104053,20,1
pca,task,arnold,hand_index_reach,15,0.9675332322690342,0.9590000000000001,0.0017175564037317664,20,1
pca,task,arnold,hand_index_reach,16,0.9738096177705784,0.963,0.0014317821063276354,20,1
pca,task,arnold,hand_index_reach,17,0.978367488644595,0.9634999999999999,0.0014620191517213446,20,1
pca,task,arnold,hand_index_reach,18,0.9826606143360301,0.963,0.0014317821063276354,20,1
pca,task,arnold,hand_index_reach,19,0.9863860770259686,0.9634999999999999,0.0012796483892069726,20,1
pca,task,arnold,hand_index_reach,20,0.9896919739261805,0.9634999999999999,0.0014620191517213444,20,1
pca,task,arnold,hand_index_reach,21,0.9921069103373616,0.9615,0.0012796483892069726,20,1
pca,task,arnold,hand_index_reach,22,0.9942036444919963,0.963,0.0014317821063276354,20,1
pca,task,arnold,hand_index_reach,23,0.9959764421015523,0.963,0.0014317821063276354,20,1
pca,task,arnold,hand_index_reach,24,0.9975584729451696,0.9615,0.0010665364503850772,20,1
pca,task,arnold,hand_index_reach,25,0.9984001764929941,0.9615,0.0010665364503850772,20,1
pca,task,arnold,hand_index_reach,26,0.9991275340427628,0.9625,0.0013919410907075054,20,1
pca,task,arnold,hand_index_reach,27,0.9996582074388329,0.9625,0.001713913650100261,20,1
pca,task,arnold,hand_index_reach,28,0.9998866171473786,0.961,0.001396424004376894,20,1
pca,task,arnold,hand_index_reach,29,0.9999511039615603,0.9615,0.0016240381768911714,20,1
pca,task,arnold,hand_index_reach,30,0.9999846564152732,0.9640000000000001,0.0014832396974191323,20,1
pca,task,arnold,hand_index_reach,31,0.9999916807639199,0.961,0.0012041594578792295,20,1
pca,task,arnold,hand_index_reach,32,0.9999935556809163,0.9625,0.0013919410907075054,20,1
pca,task,arnold,hand_index_reach,33,0.9999950820284179,0.963,0.0014317821063276354,20,1
pca,task,arnold,hand_index_reach,34,0.9999964192337348,0.9615,0.0014620191517213444,20,1
pca,task,arnold,hand_index_reach,35,0.999997421273889,0.9625,0.0015612494995995993,20,1
pca,task,arnold,hand_index_reach,36,0.9999981899175754,0.9640000000000001,0.0010954451150103322,20,1
pca,task,arnold,hand_index_reach,37,0.9999988821104914,0.9615,0.0012796483892069726,20,1
pca,task,arnold,hand_index_reach,38,0.9999994664412389,0.9620000000000001,0.0015165750888103098,20,1
pca,task,arnold,hand_index_reach,39,0.999999951524349,0.961,0.001396424004376894,20,1
pca,task,arnold,hand_little_reach,1,0.5520933890936403,0.0,0.0,20,1
pca,task,arnold,hand_little_reach,2,0.6949755336832973,0.2445,0.06643972832575401,20,1
pca,task,arnold,hand_little_reach,3,0.8065690079850643,0.573,0.0692499097472336,20,1
pca,task,arnold,hand_little_reach,4,0.851562915398546,0.585,0.06546182093403757,20,1
pca,task,arnold,hand_little_reach,5,0.894337214384536,0.7155,0.05990189896822971,20,1
pca,task,arnold,hand_little_reach,6,0.9212908402377121,0.8615,0.021555451746599976,20,1
pca,task,arnold,hand_little_reach,7,0.9439941304651527,0.9185,0.006295831954555331,20,1
pca,task,arnold,hand_little_reach,8,0.9614202581632367,0.9155,0.0034982138299423605,20,1
pca,task,arnold,hand_little_reach,9,0.971432100926861,0.907,0.013154847015454036,20,1
pca,task,arnold,hand_little_reach,10,0.9805779427195808,0.912,0.005272570530585627,20,1
pca,task,arnold,hand_little_reach,11,0.987018171263699,0.917,0.003943348830626071,20,1
pca,task,arnold,hand_little_reach,12,0.9923694090417944,0.9245,0.003426003502625179,20,1
pca,task,arnold,hand_little_reach,13,0.9959982763112901,0.92,0.003674234614174767,20,1
pca,task,arnold,hand_little_reach,14,0.9977537294711674,0.9275,0.003526683994916471,20,1
pca,task,arnold,hand_little_reach,15,0.9991064907369613,0.9185,0.003337289319193048,20,1
pca,task,arnold,hand_little_reach,16,0.9996464933636414,0.9245,0.0028701045277132325,20,1
pca,task,arnold,hand_little_reach,17,0.999851299587202,0.927,0.0033985290935932854,20,1
pca,task,arnold,hand_little_reach,18,0.9999600005478599,0.922,0.0027018512172212595,20,1
pca,task,arnold,hand_little_reach,19,0.9999782485216749,0.9205,0.004386057455164033,20,1
pca,task,arnold,hand_little_reach,20,0.9999845472862238,0.924,0.003193743884534262,20,1
pca,task,arnold,hand_little_reach,21,0.9999867594216657,0.9195,0.003638337532445278,20,1
pca,task,arnold,hand_little_reach,22,0.9999886472815493,0.9215000000000001,0.0031044323152550767,20,1
pca,task,arnold,hand_little_reach,23,0.9999903860114836,0.927,0.002924038303442689,20,1
pca,task,arnold,hand_little_reach,24,0.9999917606268243,0.919,0.0029068883707497268,20,1
pca,task,arnold,hand_little_reach,25,0.9999929301881506,0.92,0.0031622776601683794,20,1
pca,task,arnold,hand_little_reach,26,0.99999388859877,0.9275,0.002989565185775349,20,1
pca,task,arnold,hand_little_reach,27,0.9999947672496778,0.925,0.0034999999999999996,20,1
pca,task,arnold,hand_little_reach,28,0.9999955353744089,0.922,0.0023021728866442675,20,1
pca,task,arnold,hand_little_reach,29,0.9999961757617359,0.9195,0.003838945167620918,20,1
pca,task,arnold,hand_little_reach,30,0.999996789321277,0.9265000000000001,0.0031839440949865934,20,1
pca,task,arnold,hand_little_reach,31,0.9999973408918506,0.9185,0.0031839440949865934,20,1
pca,task,arnold,hand_little_reach,32,0.9999978398091636,0.9209999999999999,0.0026362852652928137,20,1
pca,task,arnold,hand_little_reach,33,0.999998283183014,0.9209999999999999,0.0029916550603303177,20,1
pca,task,arnold,hand_little_reach,34,0.9999986657669104,0.922,0.0030495901363953807,20,1
pca,task,arnold,hand_little_reach,35,0.9999990210068722,0.9215000000000001,0.0032615180514600868,20,1
pca,task,arnold,hand_little_reach,36,0.9999993496287278,0.9285,0.0026716100014785088,20,1
pca,task,arnold,hand_little_reach,37,0.9999996272087586,0.9215000000000001,0.0025763346055976497,20,1
pca,task,arnold,hand_little_reach,38,0.9999998736720793,0.9225,0.0036657195746537946,20,1
pca,task,arnold,hand_little_reach,39,1.0000001008450463,0.9185,0.003337289319193048,20,1
pca,task,arnold,hand_middle_reach,1,0.5644074203775581,0.0,0.0,20,1
pca,task,arnold,hand_middle_reach,2,0.7082844060487329,0.0034999999999999996,0.0012796483892069726,20,1
pca,task,arnold,hand_middle_reach,3,0.777433472142261,0.11449999999999999,0.05782938267005795,20,1
pca,task,arnold,hand_middle_reach,4,0.8201627852254116,0.27949999999999997,0.08717073763597506,20,1
pca,task,arnold,hand_middle_reach,5,0.8521467626027797,0.8075,0.054299516572433676,20,1
pca,task,arnold,hand_middle_reach,6,0.8767892781457034,0.919,0.011914277149705726,20,1
pca,task,arnold,hand_middle_reach,7,0.8998058972823881,0.8835,0.015252458818170923,20,1
pca,task,arnold,hand_middle_reach,8,0.9179605192185321,0.9359999999999999,0.006220932405998316,20,1
pca,task,arnold,hand_middle_reach,9,0.9323260406079725,0.9484999999999999,0.0034838915023289677,20,1
pca,task,arnold,hand_middle_reach,10,0.9452108491391936,0.937,0.011360017605620158,20,1
pca,task,arnold,hand_middle_reach,11,0.9556177712054679,0.929,0.012765187033490732,20,1
pca,task,arnold,hand_middle_reach,12,0.9630651378156031,0.9495,0.002870104527713233,20,1
pca,task,arnold,hand_middle_reach,13,0.9691173222399805,0.9520000000000001,0.0016733200530681508,20,1
pca,task,arnold,hand_middle_reach,14,0.9744493518396522,0.9540000000000001,0.00130384048104053,20,1
pca,task,arnold,hand_middle_reach,15,0.9789404088569305,0.9475,0.005190134873006673,20,1
pca,task,arnold,hand_middle_reach,16,0.9829579719522966,0.955,0.0013228756555322952,20,1
pca,task,arnold,hand_middle_reach,17,0.986678941378394,0.945,0.006800735254367721,20,1
pca,task,arnold,hand_middle_reach,18,0.9892898973999084,0.9545,0.0013181426326464068,20,1
pca,task,arnold,hand_middle_reach,19,0.9916534331684684,0.953,0.0014317821063276354,20,1
pca,task,arnold,hand_middle_reach,20,0.993927572837206,0.955,0.0011180339887498947,20,1
pca,task,arnold,hand_middle_reach,21,0.9957384557991982,0.9515,0.0016240381768911714,20,1
pca,task,arnold,hand_middle_reach,22,0.9972288249136524,0.9540000000000001,0.0014832396974191326,20,1
pca,task,arnold,hand_middle_reach,23,0.9983769367378571,0.955,0.0011180339887498947,20,1
pca,task,arnold,hand_middle_reach,24,0.9990764118093252,0.9520000000000001,0.0008944271909999157,20,1
pca,task,arnold,hand_middle_reach,25,0.9997081377703041,0.953,0.001244989959798873,20,1
pca,task,arnold,hand_middle_reach,26,0.9999250660849618,0.9545,0.0014958275301651589,20,1
pca,task,arnold,hand_middle_reach,27,0.9999751920853233,0.9545,0.0013181426326464068,20,1
pca,task,arnold,hand_middle_reach,28,0.9999859083683943,0.953,0.001244989959798873,20,1
pca,task,arnold,hand_middle_reach,29,0.9999887468810575,0.951,0.0015652475842498526,20,1
pca,task,arnold,hand_middle_reach,30,0.9999909644751545,0.9540000000000001,0.00130384048104053,20,1
pca,task,arnold,hand_middle_reach,31,0.9999928350066785,0.9520000000000001,0.0011401754250991377,20,1
pca,task,arnold,hand_middle_reach,32,0.999994381883173,0.9540000000000001,0.0010954451150103322,20,1
pca,task,arnold,hand_middle_reach,33,0.9999957977077875,0.9540000000000001,0.0010954451150103322,20,1
pca,task,arnold,hand_middle_reach,34,0.9999969160478428,0.9534999999999999,0.001066536450385077,20,1
pca,task,arnold,hand_middle_reach,35,0.9999977725391258,0.9534999999999999,0.0014620191517213444,20,1
pca,task,arnold,hand_middle_reach,36,0.999998387372168,0.955,0.0011180339887498947,20,1
pca,task,arnold,hand_middle_reach,37,0.9999989438836602,0.953,0.0010246950765959596,20,1
pca,task,arnold,hand_middle_reach,38,0.9999994165835807,0.9534999999999999,0.0016240381768911714,20,1
pca,task,arnold,hand_middle_reach,39,0.9999998687114254,0.951,0.001396424004376894,20,1
pca,task,arnold,hand_ring_reach,1,0.41492484583609873,0.0,0.0,20,1
pca,task,arnold,hand_ring_reach,2,0.6389116512467647,0.121,0.052382726160443385,20,1
pca,task,arnold,hand_ring_reach,3,0.7261450957826937,0.0775,0.03090206303792677,20,1
pca,task,arnold,hand_ring_reach,4,0.8012406771692581,0.773,0.03598680313670554,20,1
pca,task,arnold,hand_ring_reach,5,0.8478543571263417,0.889,0.029273708340420423,20,1
pca,task,arnold,hand_ring_reach,6,0.8744762951217533,0.9105,0.01418582038515926,20,1
pca,task,arnold,hand_ring_reach,7,0.8985355803511365,0.9390000000000001,0.008772114910328066,20,1
pca,task,arnold,hand_ring_reach,8,0.9151826029911768,0.9495,0.003276812475562188,20,1
pca,task,arnold,hand_ring_reach,9,0.9296155157512535,0.9495,0.0039035240488563662,20,1
pca,task,arnold,hand_ring_reach,10,0.9421221205197826,0.9545,0.0022885584982691616,20,1
pca,task,arnold,hand_ring_reach,11,0.95157380790509,0.9515,0.0025763346055976497,20,1
pca,task,arnold,hand_ring_reach,12,0.9604487038302142,0.953,0.0017464249196572975,20,1
pca,task,arnold,hand_ring_reach,13,0.9685588478306637,0.9545,0.0019332614929181203,20,1
pca,task,arnold,hand_ring_reach,14,0.9745866510181685,0.9590000000000001,0.0015652475842498526,20,1
pca,task,arnold,hand_ring_reach,15,0.9801208054069859,0.9540000000000001,0.0021679483388678798,20,1
pca,task,arnold,hand_ring_reach,16,0.9845437181063388,0.9575,0.00119895788082818,20,1
pca,task,arnold,hand_ring_reach,17,0.9881480433338415,0.9590000000000001,0.0017175564037317664,20,1
pca,task,arnold,hand_ring_reach,18,0.9909705650504793,0.9570000000000001,0.0014317821063276354,20,1
pca,task,arnold,hand_ring_reach,19,0.9932645353554719,0.9575,0.0018540496217739155,20,1
pca,task,arnold,hand_ring_reach,20,0.9950564690841018,0.9545,0.0022885584982691616,20,1
pca,task,arnold,hand_ring_reach,21,0.9966510727006087,0.956,0.0014832396974191326,20,1
pca,task,arnold,hand_ring_reach,22,0.9979853546882838,0.955,0.0018027756377319948,20,1
pca,task,arnold,hand_ring_reach,23,0.9988852495833832,0.9584999999999999,0.0017712989583918348,20,1
pca,task,arnold,hand_ring_reach,24,0.9992647571055623,0.956,0.00130384048104053,20,1
pca,task,arnold,hand_ring_reach,25,0.9996114537513708,0.955,0.0015,20,1
pca,task,arnold,hand_ring_reach,26,0.9998817964004308,0.9575,0.0013919410907075054,20,1
pca,task,arnold,hand_ring_reach,27,0.9999692331435459,0.958,0.0016733200530681508,20,1
pca,task,arnold,hand_ring_reach,28,0.9999919270390275,0.956,0.00130384048104053,20,1
pca,task,arnold,hand_ring_reach,29,0.9999938687459287,0.9570000000000001,0.001884144368141677,20,1
pca,task,arnold,hand_ring_reach,30,0.9999950944362554,0.9575,0.0013919410907075054,20,1
pca,task,arnold,hand_ring_reach,31,0.9999960704486464,0.956,0.00130384048104053,20,1
pca,task,arnold,hand_ring_reach,32,0.9999969626526661,0.9565,0.0012796483892069726,20,1
pca,task,arnold,hand_ring_reach,33,0.9999976898842247,0.9565,0.0012796483892069726,20,1
pca,task,arnold,hand_ring_reach,34,0.9999981841549171,0.9555,0.0013181426326464068,20,1
pca,task,arnold,hand_ring_reach,35,0.999998615268921,0.95,0.004,20,1
pca,task,arnold,hand_ring_reach,36,0.9999989794157574,0.953,0.003008321791298264,20,1
pca,task,arnold,hand_ring_reach,37,0.9999993044920449,0.9545,0.0011124297730643494,20,1
pca,task,arnold,hand_ring_reach,38,0.9999995790223039,0.955,0.0018027756377319948,20,1
pca,task,arnold,hand_ring_reach,39,0.99999981160628,0.955,0.0015,20,1
pca,task,arnold,hand_thumb_reach,1,0.31537672457806865,0.0,0.0,20,1
pca,task,arnold,hand_thumb_reach,2,0.49609755288716534,0.003,0.001746424919657298,20,1
pca,task,arnold,hand_thumb_reach,3,0.6085745259628267,0.1925,0.08421067331401642,20,1
pca,task,arnold,hand_thumb_reach,4,0.6697435657736402,0.455,0.10201838069681365,20,1
pca,task,arnold,hand_thumb_reach,5,0.7240991266861178,0.38049999999999995,0.09347319134382863,20,1
pca,task,arnold,hand_thumb_reach,6,0.7703321804823944,0.562,0.09770260999584401,20,1
pca,task,arnold,hand_thumb_reach,7,0.8035266902853194,0.43,0.10646830514289217,20,1
pca,task,arnold,hand_thumb_reach,8,0.8292238379373268,0.4905,0.10971206633729948,20,1
pca,task,arnold,hand_thumb_reach,9,0.852030810593185,0.385,0.10549763030514002,20,1
pca,task,arnold,hand_thumb_reach,10,0.8736320172583247,0.48350000000000004,0.10834960775194345,20,1
pca,task,arnold,hand_thumb_reach,11,0.8938768301136474,0.633,0.10402667927027182,20,1
pca,task,arnold,hand_thumb_reach,12,0.9079345459804521,0.5345,0.1082508083110699,20,1
pca,task,arnold,hand_thumb_reach,13,0.9207831836794967,0.609,0.10280053501806301,20,1
pca,task,arnold,hand_thumb_reach,14,0.931199718049649,0.2565,0.0920088990261268,20,1
pca,task,arnold,hand_thumb_reach,15,0.9408538259353283,0.47,0.10625441167311594,20,1
pca,task,arnold,hand_thumb_reach,16,0.9495893909389823,0.5895,0.1076927922379209,20,1
pca,task,arnold,hand_thumb_reach,17,0.9576826333347515,0.503,0.10791686615168178,20,1
pca,task,arnold,hand_thumb_reach,18,0.9648153639573844,0.525,0.10619204301641436,20,1
pca,task,arnold,hand_thumb_reach,19,0.9710846180417255,0.447,0.09840503035922503,20,1
pca,task,arnold,hand_thumb_reach,20,0.9769809924448803,0.2905,0.09882427586377751,20,1
pca,task,arnold,hand_thumb_reach,21,0.9822944608017455,0.732,0.0946931887730052,20,1
pca,task,arnold,hand_thumb_reach,22,0.9872440837669366,0.424,0.10233865349905676,20,1
pca,task,arnold,hand_thumb_reach,23,0.9909955452843039,0.431,0.10379041381553501,20,1
pca,task,arnold,hand_thumb_reach,24,0.9938286548158224,0.5435,0.10993924458536179,20,1
pca,task,arnold,hand_thumb_reach,25,0.9957243996106633,0.5565,0.10812325143094799,20,1
pca,task,arnold,hand_thumb_reach,26,0.997422296494489,0.519,0.10653849069702463,20,1
pca,task,arnold,hand_thumb_reach,27,0.998360344299604,0.491,0.10982690927090681,20,1
pca,task,arnold,hand_thumb_reach,28,0.9990829889302129,0.519,0.10523996389205005,20,1
pca,task,arnold,hand_thumb_reach,29,0.9995430931261237,0.5870000000000001,0.10721030734029262,20,1
pca,task,arnold,hand_thumb_reach,30,0.9997512756552356,0.43700000000000006,0.1082314649258708,20,1
pca,task,arnold,hand_thumb_reach,31,0.999951331582101,0.489,0.1093729856957375,20,1
pca,task,arnold,hand_thumb_reach,32,0.9999749569274148,0.532,0.10776966177918532,20,1
pca,task,arnold,hand_thumb_reach,33,0.9999824149323888,0.638,0.10472965196161019,20,1
pca,task,arnold,hand_thumb_reach,34,0.9999870937159973,0.5379999999999999,0.10884070929574097,20,1
pca,task,arnold,hand_thumb_reach,35,0.9999905816450327,0.514,0.10549976303290923,20,1
pca,task,arnold,hand_thumb_reach,36,0.9999936774056881,0.24850000000000003,0.09624519468524131,20,1
pca,task,arnold,hand_thumb_reach,37,0.9999961617159995,0.5665,0.10108974972765537,20,1
pca,task,arnold,hand_thumb_reach,38,0.9999980915024053,0.5885,0.10703568330234547,20,1
pca,task,arnold,hand_thumb_reach,39,0.9999999866635644,0.682,0.09997649723810093,20,1
pca,task,arnold,pen,1,0.29459235469654443,0.0625,0.046216203868340376,20,1
pca,task,arnold,pen,2,0.49099674638335983,0.2255,0.0739069516351473,20,1
pca,task,arnold,pen,3,0.6137978184634958,0.1305,0.06948911785308547,20,1
pca,task,arnold,pen,4,0.7262688215744305,0.292,0.08532467403981102,20,1
pca,task,arnold,pen,5,0.7784514236169469,0.139,0.07033811200195808,20,1
pca,task,arnold,pen,6,0.8292234498222599,0.163,0.06391439587448199,20,1
pca,task,arnold,pen,7,0.8610760238591393,0.38,0.08535221145348255,20,1
pca,task,arnold,pen,8,0.8894854737256052,0.45549999999999996,0.07832456511210259,20,1
pca,task,arnold,pen,9,0.9129427270841856,0.546,0.07268562443839909,20,1
pca,task,arnold,pen,10,0.9293191263364533,0.631,0.04830062111401881,20,1
pca,task,arnold,pen,11,0.9414112178185602,0.57,0.05967830426545312,20,1
pca,task,arnold,pen,12,0.9522413830213428,0.642,0.04863949012890657,20,1
pca,task,arnold,pen,13,0.960137090242966,0.6415000000000001,0.05147948620567225,20,1
pca,task,arnold,pen,14,0.9659199949214201,0.561,0.04963819094205589,20,1
pca,task,arnold,pen,15,0.9716488480362185,0.5529999999999999,0.06592837022102092,20,1
pca,task,arnold,pen,16,0.9766829292768304,0.6175,0.043616940516271886,20,1
pca,task,arnold,pen,17,0.9805109536501638,0.61,0.065310795432302,20,1
pca,task,arnold,pen,18,0.9834383311842574,0.6335000000000001,0.05115307908620946,20,1
pca,task,arnold,pen,19,0.9859876719072956,0.68,0.04618982571952399,20,1
pca,task,arnold,pen,20,0.988379951795376,0.6545000000000001,0.05468763571411731,20,1
pca,task,arnold,pen,21,0.9905769729717518,0.6725,0.031007055648674547,20,1
pca,task,arnold,pen,22,0.9922616440826145,0.5760000000000001,0.060313348439628184,20,1
pca,task,arnold,pen,23,0.9936434076029828,0.703,0.03202420959211952,20,1
pca,task,arnold,pen,24,0.9947872045895761,0.6595,0.03578739303162498,20,1
pca,task,arnold,pen,25,0.9956870462744929,0.7070000000000001,0.03567982623276071,20,1
pca,task,arnold,pen,26,0.9964797890277921,0.6695,0.04215729474242862,20,1
pca,task,arnold,pen,27,0.9971274934508171,0.6459999999999999,0.046858297024113024,20,1
pca,task,arnold,pen,28,0.9976090931862198,0.6755,0.04405947684664446,20,1
pca,task,arnold,pen,29,0.9980053595271826,0.6665000000000001,0.0392318429340249,20,1
pca,task,arnold,pen,30,0.9983615553577215,0.7020000000000001,0.04718368362050593,20,1
pca,task,arnold,pen,31,0.9986939782937361,0.688,0.04403180668562215,20,1
pca,task,arnold,pen,32,0.9989958124094982,0.64,0.043445367992456914,20,1
pca,task,arnold,pen,33,0.9992657994733883,0.7184999999999999,0.04289099555850853,20,1
pca,task,arnold,pen,34,0.9994808151807727,0.6635,0.0318455255883774,20,1
pca,task,arnold,pen,35,0.9996554366402551,0.6295000000000001,0.06205431088973594,20,1
pca,task,arnold,pen,36,0.9997752116400698,0.5735,0.06005112405276024,20,1
pca,task,arnold,pen,37,0.9998867809055544,0.5825,0.04550755431793714,20,1
pca,task,arnold,pen,38,0.9999554062071516,0.6829999999999999,0.03327987379783763,20,1
pca,task,arnold,pen,39,0.9999999335602224,0.621,0.03796643254244465,20,1
pca,task,arnold,reorient,1,0.4273225526049292,0.06233333333333333,0.04743246661189874,20,1
pca,task,arnold,reorient,2,0.6547307579676134,0.07933333333333334,0.03341290502518784,20,1
pca,task,arnold,reorient,3,0.7555032467268328,0.12633333333333333,0.05760107059190248,20,1
pca,task,arnold,reorient,4,0.8325955580913654,0.42333333333333334,0.08130532304563802,20,1
pca,task,arnold,reorient,5,0.8882889779629529,0.5963333333333334,0.08104933339913686,20,1
pca,task,arnold,reorient,6,0.913212654289851,0.5486666666666666,0.07403017402834243,20,1
pca,task,arnold,reorient,7,0.9305220798182984,0.652,0.06606326933747342,20,1
pca,task,arnold,reorient,8,0.9435005196031251,0.6116666666666667,0.07534052325571175,20,1
pca,task,arnold,reorient,9,0.9524730345822984,0.685,0.06118800717642487,20,1
pca,task,arnold,reorient,10,0.9601054360176848,0.6196666666666667,0.07282623916632734,20,1
pca,task,arnold,reorient,11,0.9658349922024031,0.773,0.024451652977525537,20,1
pca,task,arnold,reorient,12,0.9704319644547964,0.7506666666666666,0.05938836399310708,20,1
pca,task,arnold,reorient,13,0.9741888607818033,0.8173333333333332,0.05341119316730862,20,1
pca,task,arnold,reorient,14,0.9774072634700299,0.7143333333333334,0.07389523364572004,20,1
pca,task,arnold,reorient,15,0.980188787325795,0.7776666666666667,0.043092342707260645,20,1
pca,task,arnold,reorient,16,0.9823875272669943,0.7753333333333333,0.04948198325316666,20,1
pca,task,arnold,reorient,17,0.9843365093919109,0.7946666666666666,0.05089771878756235,20,1
pca,task,arnold,reorient,18,0.9862601739033001,0.689,0.07841382389462828,20,1
pca,task,arnold,reorient,19,0.9879120312784501,0.8356666666666667,0.029296473052798238,20,1
pca,task,arnold,reorient,20,0.9892991116357069,0.8403333333333333,0.029380549121258207,20,1
pca,task,arnold,reorient,21,0.9905334030367747,0.7676666666666667,0.053593687439224914,20,1
pca,task,arnold,reorient,22,0.9916560689630142,0.776,0.05623442994386188,20,1
pca,task,arnold,reorient,23,0.9927345866294273,0.8143333333333334,0.03456804883125456,20,1
pca,task,arnold,reorient,24,0.9935770748675509,0.7326666666666667,0.06028801244397135,20,1
pca,task,arnold,reorient,25,0.9943812168575248,0.7656666666666666,0.0504144489870381,20,1
pca,task,arnold,reorient,26,0.9950652540710807,0.6966666666666667,0.0696172073237325,20,1
pca,task,arnold,reorient,27,0.9956794445167538,0.763,0.0430438407001771,20,1
pca,task,arnold,reorient,28,0.9962457729209456,0.8046666666666666,0.044422466788276806,20,1
pca,task,arnold,reorient,29,0.9967514023315648,0.6616666666666666,0.0846008602530468,20,1
pca,task,arnold,reorient,30,0.9972129921499225,0.7463333333333334,0.060270639618308336,20,1
pca,task,arnold,reorient,31,0.9976369842231888,0.795,0.04529870000587458,20,1
pca,task,arnold,reorient,32,0.9980097598577664,0.829,0.03881659152704907,20,1
pca,task,arnold,reorient,33,0.9983609774192019,0.7673333333333333,0.049215851105106366,20,1
pca,task,arnold,reorient,34,0.9986963246311905,0.7493333333333334,0.059995184991982656,20,1
pca,task,arnold,reorient,35,0.9990184795164953,0.8593333333333334,0.018030221542978578,20,1
pca,task,arnold,reorient,36,0.9993096403656136,0.662,0.08040467095331658,20,1
pca,task,arnold,reorient,37,0.9995770267627009,0.7553333333333333,0.06179913699505304,20,1
pca,task,arnold,reorient,38,0.9998072617582874,0.723,0.06882905555714744,20,1
pca,task,arnold,reorient,39,0.9999998971160421,0.7786666666666666,0.062467057985255973,20,1
pca,global,expert,baoding_p1_ccw,1,0.022496745020305662,0.005,0.0,100,1
pca,global,expert,baoding_p1_ccw,2,0.05195669626610518,0.005,0.0,100,1
pca,global,expert,baoding_p1_ccw,3,0.1600171150417204,0.005,0.0,100,1
pca,global,expert,baoding_p1_ccw,4,0.18528407864120242,0.005,0.0,100,1
pca,global,expert,baoding_p1_ccw,5,0.2762329619762309,0.005,0.0,100,1
pca,global,expert,baoding_p1_ccw,6,0.34023643692489114,0.005,0.0,100,1
pca,global,expert,baoding_p1_ccw,7,0.37144397572182325,0.005,0.0,100,1
pca,global,expert,baoding_p1_ccw,8,0.39446222522479435,0.0121,0.0002467792535850614,100,1
pca,global,expert,baoding_p1_ccw,9,0.47407599004981743,0.0072499999999999995,0.00024874685927665503,100,1
pca,global,expert,baoding_p1_ccw,10,0.5056207044896133,0.00515,8.529361054615989e-05,100,1
pca,global,expert,baoding_p1_ccw,11,0.5218002361728092,0.005,0.0,100,1
pca,global,expert,baoding_p1_ccw,12,0.5701721326241572,0.0161,0.0016226213359869267,100,1
pca,global,expert,baoding_p1_ccw,13,0.6060253746168216,0.005,0.0,100,1
pca,global,expert,baoding_p1_ccw,14,0.6298812764908209,0.005,0.0,100,1
pca,global,expert,baoding_p1_ccw,15,0.6709337199994581,0.057699999999999994,0.004185343474554986,100,1
pca,global,expert,baoding_p1_ccw,16,0.696231601115478,0.04845,0.003499067732982601,100,1
pca,global,expert,baoding_p1_ccw,17,0.7123437494495672,0.0233,0.0021144975762577736,100,1
pca,global,expert,baoding_p1_ccw,18,0.7389008147148313,0.06709999999999999,0.004257452289809012,100,1
pca,global,expert,baoding_p1_ccw,19,0.7543188387653745,0.015,0.0,100,1
pca,global,expert,baoding_p1_ccw,20,0.776586615554594,0.0206,0.001868528833066271,100,1
pca,global,expert,baoding_p1_ccw,21,0.7942819792674716,0.061200000000000004,0.006161623162771316,100,1
pca,global,expert,baoding_p1_ccw,22,0.8040884751256879,0.06280000000000001,0.001134283915075939,100,1
pca,global,expert,baoding_p1_ccw,23,0.8241646285732108,0.10369999999999999,0.005661987283631075,100,1
pca,global,expert,baoding_p1_ccw,24,0.8362383457702363,0.0697,0.004691385722790229,100,1
pca,global,expert,baoding_p1_ccw,25,0.8521789030856668,0.026600000000000002,0.002594108710135333,100,1
pca,global,expert,baoding_p1_ccw,26,0.8672234690355743,0.038,0.004475488800120049,100,1
pca,global,expert,baoding_p1_ccw,27,0.8749766216110947,0.0155,0.002477397828367499,100,1
pca,global,expert,baoding_p1_ccw,28,0.8879013740577515,0.02045,0.001407293501725919,100,1
pca,global,expert,baoding_p1_ccw,29,0.9114883440686428,0.08779999999999999,0.014992551483986972,100,1
pca,global,expert,baoding_p1_ccw,30,0.9216055843149277,0.060250000000000005,0.010300819142184763,100,1
pca,global,expert,baoding_p1_ccw,31,0.9332331012287273,0.23265,0.022849666846586625,100,1
pca,global,expert,baoding_p1_ccw,32,0.939433302909258,0.33035,0.03146889376829125,100,1
pca,global,expert,baoding_p1_ccw,33,0.9472483594657416,0.23614999999999997,0.02627097780822023,100,1
pca,global,expert,baoding_p1_ccw,34,0.9603585515790325,0.4347,0.034743475646515275,100,1
pca,global,expert,baoding_p1_ccw,35,0.9679401024710749,0.69435,0.029413487977456874,100,1
pca,global,expert,baoding_p1_ccw,36,0.978244320884777,0.1273,0.023266007392760794,100,1
pca,global,expert,baoding_p1_ccw,37,0.9872845076204401,0.9204000000000001,0.01469007828433872,100,1
pca,global,expert,baoding_p1_ccw,38,0.9955090187690168,0.9564,0.013733914227196851,100,1
pca,global,expert,baoding_p1_ccw,39,1.000000253913122,0.9702500000000001,0.0067506944087256686,100,1
pca,global,expert,baoding_p1_cw,1,0.03213957246944137,0.01,0.0,100,1
pca,global,expert,baoding_p1_cw,2,0.04673354038064793,0.01,0.0,100,1
pca,global,expert,baoding_p1_cw,3,0.16412859567138746,0.005,0.0,100,1
pca,global,expert,baoding_p1_cw,4,0.21693538334725745,0.005,0.0,100,1
pca,global,expert,baoding_p1_cw,5,0.31111677262434795,0.02,0.0,100,1
pca,global,expert,baoding_p1_cw,6,0.3681550373826807,0.02,0.0,100,1
pca,global,expert,baoding_p1_cw,7,0.4087292623412008,0.005,0.0,100,1
pca,global,expert,baoding_p1_cw,8,0.47009573730137244,0.005,0.0,100,1
pca,global,expert,baoding_p1_cw,9,0.5600429458657501,0.02,0.0,100,1
pca,global,expert,baoding_p1_cw,10,0.591941174164337,0.03,0.0,100,1
pca,global,expert,baoding_p1_cw,11,0.6225127744416085,0.025,0.0,100,1
pca,global,expert,baoding_p1_cw,12,0.6699224518423766,0.0199,9.9498743710662e-05,100,1
pca,global,expert,baoding_p1_cw,13,0.6961006200449457,0.024900000000000002,0.0004948737212663449,100,1
pca,global,expert,baoding_p1_cw,14,0.725394479147352,0.0942,0.0005464430436925702,100,1
pca,global,expert,baoding_p1_cw,15,0.7443404096660741,0.1189,0.004114960510138584,100,1
pca,global,expert,baoding_p1_cw,16,0.7562723091197685,0.24355000000000002,0.014908939432434487,100,1
pca,global,expert,baoding_p1_cw,17,0.7766380485191826,0.32020000000000004,0.018840371546230184,100,1
pca,global,expert,baoding_p1_cw,18,0.7913220735100545,0.15925,0.007449622473655964,100,1
pca,global,expert,baoding_p1_cw,19,0.8062886580732833,0.2232,0.010194733934733167,100,1
pca,global,expert,baoding_p1_cw,20,0.8234637372395368,0.5284,0.007899962025225185,100,1
pca,global,expert,baoding_p1_cw,21,0.832686016780451,0.41935,0.01633732765785151,100,1
pca,global,expert,baoding_p1_cw,22,0.8574584569125971,0.63435,0.014556897849473288,100,1
pca,global,expert,baoding_p1_cw,23,0.87156821818099,0.5925,0.009019562073626414,100,1
pca,global,expert,baoding_p1_cw,24,0.8804941968394223,0.4171,0.011253261749377377,100,1
pca,global,expert,baoding_p1_cw,25,0.891661310525911,0.1058,0.007814000255950852,100,1
pca,global,expert,baoding_p1_cw,26,0.9029206656283997,0.4972,0.014692909854756478,100,1
pca,global,expert,baoding_p1_cw,27,0.9122124873971976,0.40020000000000006,0.03159398043931787,100,1
pca,global,expert,baoding_p1_cw,28,0.9180900826292149,0.7062999999999999,0.016539591893393258,100,1
pca,global,expert,baoding_p1_cw,29,0.9265399343590239,0.22785,0.01585689991770144,100,1
pca,global,expert,baoding_p1_cw,30,0.9361172131997593,0.71005,0.01266224604878613,100,1
pca,global,expert,baoding_p1_cw,31,0.9474338326054149,0.7805,0.011447598001327615,100,1
pca,global,expert,baoding_p1_cw,32,0.955072245277641,0.685,0.01266589909955073,100,1
pca,global,expert,baoding_p1_cw,33,0.9637336802670928,0.9331999999999999,0.006443803224804431,100,1
pca,global,expert,baoding_p1_cw,34,0.967116574427038,0.2216,0.013519408271074588,100,1
pca,global,expert,baoding_p1_cw,35,0.9728048571900693,0.9498000000000001,0.000921737489744233,100,1
pca,global,expert,baoding_p1_cw,36,0.9797515690271476,0.94715,0.0006373970505109042,100,1
pca,global,expert,baoding_p1_cw,37,0.9884325595278507,0.9403,0.0007740155037206941,100,1
pca,global,expert,baoding_p1_cw,38,0.9954959410483131,0.9422,0.0008669486720677297,100,1
pca,global,expert,baoding_p1_cw,39,1.000000317273047,0.948,0.0005196152422706632,100,1
pca,global,expert,baoding_p2,1,0.03742334817604803,0.0003,0.00015524174696260028,100,1
pca,global,expert,baoding_p2,2,0.058391923017849984,0.00055,0.00029064583258667237,100,1
pca,global,expert,baoding_p2,3,0.13486994317838658,0.00105,0.00047589389573727463,100,1
pca,global,expert,baoding_p2,4,0.16692428363235087,0.0008,0.0003982461550347975,100,1
pca,global,expert,baoding_p2,5,0.26496170735579827,0.00135,0.0005993955288455196,100,1
pca,global,expert,baoding_p2,6,0.35432527796860014,0.0004,0.0003512833614050059,100,1
pca,global,expert,baoding_p2,7,0.3832429317982584,0.00075,0.00046029881598804925,100,1
pca,global,expert,baoding_p2,8,0.43708027096095126,0.0023499999999999997,0.0009910978760949898,100,1
pca,global,expert,baoding_p2,9,0.4694480702787975,0.00735,0.00174564458009069,100,1
pca,global,expert,baoding_p2,10,0.5119551161974812,0.01755,0.005854269809293044,100,1
pca,global,expert,baoding_p2,11,0.5281051082292942,0.0147,0.006226082235242319,100,1
pca,global,expert,baoding_p2,12,0.5550186645501378,0.02635,0.006402286700859311,100,1
pca,global,expert,baoding_p2,13,0.5944157902991826,0.02735,0.009238900096873002,100,1
pca,global,expert,baoding_p2,14,0.6153965394218361,0.018500000000000003,0.003783186487605389,100,1
pca,global,expert,baoding_p2,15,0.6506337763512331,0.030299999999999997,0.007209306485370143,100,1
pca,global,expert,baoding_p2,16,0.6663324065487137,0.0344,0.01134157837340112,100,1
pca,global,expert,baoding_p2,17,0.691829444071779,0.0576,0.012979113991332381,100,1
pca,global,expert,baoding_p2,18,0.7155476806175775,0.09405,0.015970237161670457,100,1
pca,global,expert,baoding_p2,19,0.7406533901925206,0.08,0.017344595700102095,100,1
pca,global,expert,baoding_p2,20,0.7742132523360724,0.1411,0.023434331652513584,100,1
pca,global,expert,baoding_p2,21,0.7938325520352326,0.36235,0.029578239890162502,100,1
pca,global,expert,baoding_p2,22,0.8070999900727025,0.33094999999999997,0.03098045311159926,100,1
pca,global,expert,baoding_p2,23,0.8214817278841997,0.31445,0.030510563334687872,100,1
pca,global,expert,baoding_p2,24,0.8381914888817552,0.40875,0.03201932033944506,100,1
pca,global,expert,baoding_p2,25,0.853174310805202,0.48465,0.032544143482353315,100,1
pca,global,expert,baoding_p2,26,0.8642216977504709,0.48055,0.029679445328374986,100,1
pca,global,expert,baoding_p2,27,0.8827929328917776,0.5566,0.029594583963962053,100,1
pca,global,expert,baoding_p2,28,0.8939207003452098,0.4742,0.03097924466477516,100,1
pca,global,expert,baoding_p2,29,0.9049761806228174,0.5159,0.030209218791620546,100,1
pca,global,expert,baoding_p2,30,0.9183718668467327,0.53895,0.03129331358293653,100,1
pca,global,expert,baoding_p2,31,0.9275735888769917,0.5754,0.02968869144977595,100,1
pca,global,expert,baoding_p2,32,0.9390349805153786,0.54645,0.028586386182936803,100,1
pca,global,expert,baoding_p2,33,0.9477213764437786,0.5313,0.031482584074373564,100,1
pca,global,expert,baoding_p2,34,0.9595746451616886,0.5665,0.02881696548910034,100,1
pca,global,expert,baoding_p2,35,0.9699587231564023,0.6027,0.026376828846546355,100,1
pca,global,expert,baoding_p2,36,0.9786165091473991,0.5863,0.029789899294895242,100,1
pca,global,expert,baoding_p2,37,0.9862486424584532,0.58955,0.030116614600582185,100,1
pca,global,expert,baoding_p2,38,0.9933986084631186,0.6015999999999999,0.028707479861527378,100,1
pca,global,expert,baoding_p2,39,1.000000273948899,0.5556,0.029163185697039337,100,1
pca,global,expert,baoding_p2_overlap,1,0.03762633697758164,0.0011,0.0002605762844159077,100,1
pca,global,expert,baoding_p2_overlap,2,0.05741799660897955,0.0014000000000000002,0.00029223278392404917,100,1
pca,global,expert,baoding_p2_overlap,3,0.14086481198243925,0.0014000000000000002,0.00027459060435491964,100,1
pca,global,expert,baoding_p2_overlap,4,0.17184692518683198,0.0027,0.0006017474553332154,100,1
pca,global,expert,baoding_p2_overlap,5,0.26734248421848755,0.0026,0.0006836665854054885,100,1
pca,global,expert,baoding_p2_overlap,6,0.3650582159315563,0.0017000000000000001,0.000548725796732758,100,1
pca,global,expert,baoding_p2_overlap,7,0.3957109348673171,0.0016,0.000233238075793812,100,1
pca,global,expert,baoding_p2_overlap,8,0.465201365172779,0.00795,0.005864765553711417,100,1
pca,global,expert,baoding_p2_overlap,9,0.4941030542686741,0.019450000000000002,0.005123424147969794,100,1
pca,global,expert,baoding_p2_overlap,10,0.5376551011916453,0.03085,0.011021355406663918,100,1
pca,global,expert,baoding_p2_overlap,11,0.553016043601143,0.0374,0.009999119961276592,100,1
pca,global,expert,baoding_p2_overlap,12,0.5761885841720891,0.03655,0.00895619757486401,100,1
pca,global,expert,baoding_p2_overlap,13,0.6112496631551881,0.04275,0.007824121356420797,100,1
pca,global,expert,baoding_p2_overlap,14,0.6316860074341688,0.03315,0.0054358325029382586,100,1
pca,global,expert,baoding_p2_overlap,15,0.6645494090701838,0.07345,0.01588044316132267,100,1
pca,global,expert,baoding_p2_overlap,16,0.6792805573329167,0.04105,0.010805622379113568,100,1
pca,global,expert,baoding_p2_overlap,17,0.7045822411432215,0.1143,0.022950601299312395,100,1
pca,global,expert,baoding_p2_overlap,18,0.7250642701445317,0.1094,0.020032134184854097,100,1
pca,global,expert,baoding_p2_overlap,19,0.7542650266137291,0.1232,0.023751159971672965,100,1
pca,global,expert,baoding_p2_overlap,20,0.7892021750221797,0.23235,0.03075877557706093,100,1
pca,global,expert,baoding_p2_overlap,21,0.8062683089404141,0.45530000000000004,0.03209858408092169,100,1
pca,global,expert,baoding_p2_overlap,22,0.8216541100268562,0.4633,0.03402405178693448,100,1
pca,global,expert,baoding_p2_overlap,23,0.8358041800295926,0.4512,0.03326868798134366,100,1
pca,global,expert,baoding_p2_overlap,24,0.8531222707031717,0.43060000000000004,0.03621189583548478,100,1
pca,global,expert,baoding_p2_overlap,25,0.8685329219993241,0.54565,0.03514531654431355,100,1
pca,global,expert,baoding_p2_overlap,26,0.8803046513960618,0.57665,0.031593595474399556,100,1
pca,global,expert,baoding_p2_overlap,27,0.8938594333758352,0.58465,0.032296226946812216,100,1
pca,global,expert,baoding_p2_overlap,28,0.9057114561297557,0.52525,0.03566541567120731,100,1
pca,global,expert,baoding_p2_overlap,29,0.9138059192561989,0.60815,0.034550879511236754,100,1
pca,global,expert,baoding_p2_overlap,30,0.9279923963470783,0.52045,0.0381759803410469,100,1
pca,global,expert,baoding_p2_overlap,31,0.9350001953026585,0.6562,0.03310567322982572,100,1
pca,global,expert,baoding_p2_overlap,32,0.9438365495967027,0.56955,0.031418234753085666,100,1
pca,global,expert,baoding_p2_overlap,33,0.9524260277285866,0.5183,0.03755324353501306,100,1
pca,global,expert,baoding_p2_overlap,34,0.9620356468200426,0.6068,0.032677937511415865,100,1
pca,global,expert,baoding_p2_overlap,35,0.9713153719945956,0.6581999999999999,0.03074829426163344,100,1
pca,global,expert,baoding_p2_overlap,36,0.9795743222219289,0.6256499999999999,0.03132208925024,100,1
pca,global,expert,baoding_p2_overlap,37,0.987245089303555,0.7142499999999999,0.02774602449000577,100,1
pca,global,expert,baoding_p2_overlap,38,0.9937606386872818,0.7176,0.025213932656370765,100,1
pca,global,expert,baoding_p2_overlap,39,1.0000002887047628,0.6923,0.026630379268797504,100,1
pca,global,expert,hand_index_reach,1,0.1544964217619606,0.0,0.0,100,1
pca,global,expert,hand_index_reach,2,0.17033343778578447,0.0,0.0,100,1
pca,global,expert,hand_index_reach,3,0.2201639068130003,0.0,0.0,100,1
pca,global,expert,hand_index_reach,4,0.23565139761250115,0.0,0.0,100,1
pca,global,expert,hand_index_reach,5,0.32225519473344766,0.1423,0.023323745411061234,100,1
pca,global,expert,hand_index_reach,6,0.3447449516069792,0.1684,0.024988685439614463,100,1
pca,global,expert,hand_index_reach,7,0.3882773055294694,0.2076,0.021556029318963176,100,1
pca,global,expert,hand_index_reach,8,0.42158468020224377,0.376,0.029259528362569346,100,1
pca,global,expert,hand_index_reach,9,0.47438447543501366,0.6634,0.03171410411788421,100,1
pca,global,expert,hand_index_reach,10,0.5165886145782652,0.6252,0.03177876020237416,100,1
pca,global,expert,hand_index_reach,11,0.5335769959947876,0.5608,0.03572189244706949,100,1
pca,global,expert,hand_index_reach,12,0.5908786263451277,0.6626000000000001,0.034433594061613726,100,1
pca,global,expert,hand_index_reach,13,0.6278271678872632,0.8312999999999999,0.025364011906636535,100,1
pca,global,expert,hand_index_reach,14,0.6428438019088695,0.7736,0.03065697962944165,100,1
pca,global,expert,hand_index_reach,15,0.6656714821334786,0.7801,0.0256099570479921,100,1
pca,global,expert,hand_index_reach,16,0.6945244402756675,0.7752,0.01849242006877412,100,1
pca,global,expert,hand_index_reach,17,0.727869690114807,0.7232,0.017915847733222114,100,1
pca,global,expert,hand_index_reach,18,0.7501666457271796,0.7494,0.023624910581841362,100,1
pca,global,expert,hand_index_reach,19,0.7818307945781653,0.8178,0.014605190858047696,100,1
pca,global,expert,hand_index_reach,20,0.797039085603919,0.8762000000000001,0.009733221460544294,100,1
pca,global,expert,hand_index_reach,21,0.8165542364103157,0.8911,0.010133997237023504,100,1
pca,global,expert,hand_index_reach,22,0.8289692924278198,0.9031999999999999,0.008276327688051024,100,1
pca,global,expert,hand_index_reach,23,0.8431140611607421,0.8983,0.008664935083426764,100,1
pca,global,expert,hand_index_reach,24,0.8557488593428556,0.9261,0.006580113980775713,100,1
pca,global,expert,hand_index_reach,25,0.871638891285584,0.9401,0.003519928976556204,100,1
pca,global,expert,hand_index_reach,26,0.8945456266589832,0.9519,0.0021803440095544556,100,1
pca,global,expert,hand_index_reach,27,0.9043613445059546,0.9484,0.0026446927987953534,100,1
pca,global,expert,hand_index_reach,28,0.9179434812371571,0.9590000000000001,0.0009433981132056604,100,1
pca,global,expert,hand_index_reach,29,0.9237844062820686,0.9584999999999999,0.0008986100377805715,100,1
pca,global,expert,hand_index_reach,30,0.9310771752809581,0.9606,0.0007592101158440923,100,1
pca,global,expert,hand_index_reach,31,0.94530780690635,0.9611,0.0008233468284993877,100,1
pca,global,expert,hand_index_reach,32,0.9517095732640652,0.9608,0.0007025667228100118,100,1
pca,global,expert,hand_index_reach,33,0.9589093833551444,0.9611,0.0006913031173081748,100,1
pca,global,expert,hand_index_reach,34,0.9700036796793385,0.9625,0.0006837397165588673,100,1
pca,global,expert,hand_index_reach,35,0.9754402830916327,0.963,0.0006244997998398397,100,1
pca,global,expert,hand_index_reach,36,0.9803049563140527,0.9625,0.0005894913061275798,100,1
pca,global,expert,hand_index_reach,37,0.9867020875768252,0.9615,0.0006383572667401852,100,1
pca,global,expert,hand_index_reach,38,0.9946163596375901,0.9623,0.0006458327956987009,100,1
pca,global,expert,hand_index_reach,39,1.0000002471282456,0.9621999999999999,0.0006257795138864806,100,1
pca,global,expert,hand_little_reach,1,0.08285180633087544,0.0,0.0,100,1
pca,global,expert,hand_little_reach,2,0.12190538940321755,0.0,0.0,100,1
pca,global,expert,hand_little_reach,3,0.1347196265939569,0.0,0.0,100,1
pca,global,expert,hand_little_reach,4,0.19335475173758507,0.0,0.0,100,1
pca,global,expert,hand_little_reach,5,0.28982422241942635,0.0,0.0,100,1
pca,global,expert,hand_little_reach,6,0.3198456609694261,0.0,0.0,100,1
pca,global,expert,hand_little_reach,7,0.35977433732998904,0.0,0.0,100,1
pca,global,expert,hand_little_reach,8,0.38002265169064925,0.0,0.0,100,1
pca,global,expert,hand_little_reach,9,0.3928472213572403,0.0,0.0,100,1
pca,global,expert,hand_little_reach,10,0.4259827109637687,0.0,0.0,100,1
pca,global,expert,hand_little_reach,11,0.6075688784771383,0.17850000000000002,0.028331034220444543,100,1
pca,global,expert,hand_little_reach,12,0.6143555313497431,0.20559999999999998,0.028745197859816517,100,1
pca,global,expert,hand_little_reach,13,0.6260442000442444,0.25129999999999997,0.03291736775624685,100,1
pca,global,expert,hand_little_reach,14,0.7022126560786013,0.2364,0.03150730708899128,100,1
pca,global,expert,hand_little_reach,15,0.7124309095947546,0.24739999999999998,0.029304136226819582,100,1
pca,global,expert,hand_little_reach,16,0.7238814549566855,0.3776,0.03446015670306797,100,1
pca,global,expert,hand_little_reach,17,0.7277545548985181,0.5406,0.028294458821472444,100,1
pca,global,expert,hand_little_reach,18,0.7539537193544578,0.7051000000000001,0.02223577972547848,100,1
pca,global,expert,hand_little_reach,19,0.7669772256707627,0.7381,0.0219429692612463,100,1
pca,global,expert,hand_little_reach,20,0.7746455911426089,0.7570999999999999,0.01957360212122439,100,1
pca,global,expert,hand_little_reach,21,0.8026508418419767,0.7378,0.02305627029681948,100,1
pca,global,expert,hand_little_reach,22,0.8252436367625725,0.7429000000000001,0.023076522701655028,100,1
pca,global,expert,hand_little_reach,23,0.8360320472846322,0.7737,0.02153399869973062,100,1
pca,global,expert,hand_little_reach,24,0.8544693386261217,0.773,0.02040710660529807,100,1
pca,global,expert,hand_little_reach,25,0.8706662875436366,0.7829,0.021324303036676255,100,1
pca,global,expert,hand_little_reach,26,0.8813645287298031,0.7661,0.022297037919867292,100,1
pca,global,expert,hand_little_reach,27,0.896026722896838,0.8188,0.01797736354419079,100,1
pca,global,expert,hand_little_reach,28,0.9146842031867028,0.809,0.020475106837328103,100,1
pca,global,expert,hand_little_reach,29,0.9235973526340853,0.7834,0.02299226826565835,100,1
pca,global,expert,hand_little_reach,30,0.9299709305366598,0.7981,0.01976446052893931,100,1
pca,global,expert,hand_little_reach,31,0.9391395686731149,0.8893000000000001,0.011654402601592239,100,1
pca,global,expert,hand_little_reach,32,0.9515548459879256,0.9154000000000001,0.00222,100,1
pca,global,expert,hand_little_reach,33,0.9598991729356458,0.9188,0.002346401500169995,100,1
pca,global,expert,hand_little_reach,34,0.9642580633871427,0.9211,0.0017198546450209098,100,1
pca,global,expert,hand_little_reach,35,0.9679943413848507,0.9158,0.00496825925249478,100,1
pca,global,expert,hand_little_reach,36,0.9892347225842586,0.9218000000000001,0.0014654692081377896,100,1
pca,global,expert,hand_little_reach,37,0.9954547688212284,0.9229,0.0014580466384858887,100,1
pca,global,expert,hand_little_reach,38,0.9974094682624457,0.922,0.0013784048752090222,100,1
pca,global,expert,hand_little_reach,39,1.0000003384382858,0.9225,0.0014378803844548405,100,1
pca,global,expert,hand_middle_reach,1,0.15095084877993592,0.0,0.0,100,1
pca,global,expert,hand_middle_reach,2,0.18299582184225568,0.0,0.0,100,1
pca,global,expert,hand_middle_reach,3,0.21363284759398882,0.0,0.0,100,1
pca,global,expert,hand_middle_reach,4,0.2217268163534969,0.0,0.0,100,1
pca,global,expert,hand_middle_reach,5,0.2327403252996557,0.0,0.0,100,1
pca,global,expert,hand_middle_reach,6,0.33149741211530626,0.0,0.0,100,1
pca,global,expert,hand_middle_reach,7,0.35930324032956246,0.0,0.0,100,1
pca,global,expert,hand_middle_reach,8,0.3902333272408185,0.0,0.0,100,1
pca,global,expert,hand_middle_reach,9,0.39948538828214236,0.0,0.0,100,1
pca,global,expert,hand_middle_reach,10,0.5154373027233461,0.0,0.0,100,1
pca,global,expert,hand_middle_reach,11,0.551602923146682,0.0,0.0,100,1
pca,global,expert,hand_middle_reach,12,0.6469094674275129,0.6394,0.033502483490033985,100,1
pca,global,expert,hand_middle_reach,13,0.6667452048403207,0.5919,0.03417651093953272,100,1
pca,global,expert,hand_middle_reach,14,0.6883473380372723,0.6617000000000001,0.03084608727213227,100,1
pca,global,expert,hand_middle_reach,15,0.7068408892603303,0.13369999999999999,0.028493737908530003,100,1
pca,global,expert,hand_middle_reach,16,0.7368954642715111,0.7077,0.027974579532139526,100,1
pca,global,expert,hand_middle_reach,17,0.7503407155412758,0.7551000000000001,0.02164462750892239,100,1
pca,global,expert,hand_middle_reach,18,0.7664636635634149,0.7237,0.019113165619540892,100,1
pca,global,expert,hand_middle_reach,19,0.7723082030179116,0.7859999999999999,0.018361372497719228,100,1
pca,global,expert,hand_middle_reach,20,0.7941950372237409,0.8207,0.01601265437084058,100,1
pca,global,expert,hand_middle_reach,21,0.8049991477059956,0.8368000000000001,0.01356457150078837,100,1
pca,global,expert,hand_middle_reach,22,0.8145330353897803,0.9109,0.0039321622550449265,100,1
pca,global,expert,hand_middle_reach,23,0.8659896002659971,0.8756999999999999,0.01394722553054908,100,1
pca,global,expert,hand_middle_reach,24,0.9000380644030599,0.9206,0.01211265453977781,100,1
pca,global,expert,hand_middle_reach,25,0.910680044175272,0.9174,0.016152783041940483,100,1
pca,global,expert,hand_middle_reach,26,0.924378300927625,0.8518000000000001,0.02756605884053795,100,1
pca,global,expert,hand_middle_reach,27,0.9361599183430638,0.9508,0.0011805083650698967,100,1
pca,global,expert,hand_middle_reach,28,0.942187602636548,0.9514,0.0007748548251124207,100,1
pca,global,expert,hand_middle_reach,29,0.9507756793119703,0.9483,0.0025614644248944784,100,1
pca,global,expert,hand_middle_reach,30,0.9565359759719457,0.9501999999999999,0.0018546158631910818,100,1
pca,global,expert,hand_middle_reach,31,0.9598869984856198,0.9531000000000001,0.0006587108622149782,100,1
pca,global,expert,hand_middle_reach,32,0.9683677981557465,0.9521999999999999,0.0007291090453423274,100,1
pca,global,expert,hand_middle_reach,33,0.9716766610327039,0.9536,0.0005919459434779496,100,1
pca,global,expert,hand_middle_reach,34,0.9773387858868583,0.9528,0.0007082372483850309,100,1
pca,global,expert,hand_middle_reach,35,0.984386194993197,0.9538,0.0006446704584514479,100,1
pca,global,expert,hand_middle_reach,36,0.9876387667390056,0.9531999999999999,0.0005979966555090422,100,1
pca,global,expert,hand_middle_reach,37,0.9920190620933761,0.9531999999999999,0.000630555310817378,100,1
pca,global,expert,hand_middle_reach,38,0.9959767187986248,0.9534999999999999,0.00051720402163943,100,1
pca,global,expert,hand_middle_reach,39,1.000000209724369,0.9531999999999999,0.0006144916598294888,100,1
pca,global,expert,hand_ring_reach,1,0.13316216701462832,0.0,0.0,100,1
pca,global,expert,hand_ring_reach,2,0.14499985895297715,0.0,0.0,100,1
pca,global,expert,hand_ring_reach,3,0.22098723710900003,0.0,0.0,100,1
pca,global,expert,hand_ring_reach,4,0.24013145208290163,0.0,0.0,100,1
pca,global,expert,hand_ring_reach,5,0.2656573639705963,0.0,0.0,100,1
pca,global,expert,hand_ring_reach,6,0.3001487523108884,0.0,0.0,100,1
pca,global,expert,hand_ring_reach,7,0.3404396737603259,0.0233,0.008800062499778057,100,1
pca,global,expert,hand_ring_reach,8,0.36030451396368646,0.009000000000000001,0.004134005321718878,100,1
pca,global,expert,hand_ring_reach,9,0.3918629964925293,0.0016,0.0013245376551838757,100,1
pca,global,expert,hand_ring_reach,10,0.43473494996610124,0.1404,0.02209249646373175,100,1
pca,global,expert,hand_ring_reach,11,0.4861558185135754,0.0479,0.01277520645625737,100,1
pca,global,expert,hand_ring_reach,12,0.503047856522112,0.027000000000000003,0.0032511536414017717,100,1
pca,global,expert,hand_ring_reach,13,0.5256647527728007,0.1855,0.028449736378391977,100,1
pca,global,expert,hand_ring_reach,14,0.5376717787118878,0.2639,0.03258646805040399,100,1
pca,global,expert,hand_ring_reach,15,0.5794576253776333,0.3502,0.03762445481332587,100,1
pca,global,expert,hand_ring_reach,16,0.6779880005035778,0.3654,0.03414598658700609,100,1
pca,global,expert,hand_ring_reach,17,0.7229572468256885,0.5608,0.031539080519254206,100,1
pca,global,expert,hand_ring_reach,18,0.7499798005430044,0.7243,0.014150091872493267,100,1
pca,global,expert,hand_ring_reach,19,0.7651945579341276,0.6942,0.013778374359843764,100,1
pca,global,expert,hand_ring_reach,20,0.7969068064154344,0.6844,0.019655187610399447,100,1
pca,global,expert,hand_ring_reach,21,0.814492566537819,0.7481,0.02488682181396411,100,1
pca,global,expert,hand_ring_reach,22,0.8232622065602322,0.7267,0.022607545200662545,100,1
pca,global,expert,hand_ring_reach,23,0.8398594285464686,0.7966,0.018271409359980964,100,1
pca,global,expert,hand_ring_reach,24,0.8654528918108788,0.8883,0.009568756450030483,100,1
pca,global,expert,hand_ring_reach,25,0.8826352909838792,0.8906000000000001,0.013987723188567896,100,1
pca,global,expert,hand_ring_reach,26,0.895481972768808,0.9262,0.008590436543040173,100,1
pca,global,expert,hand_ring_reach,27,0.9132733507104408,0.9514,0.0012807810117268289,100,1
pca,global,expert,hand_ring_reach,28,0.9238611324082643,0.9501999999999999,0.0015164432069813894,100,1
pca,global,expert,hand_ring_reach,29,0.9328466009590954,0.9521,0.0012107435731813735,100,1
pca,global,expert,hand_ring_reach,30,0.93978045342322,0.9525,0.0007399324293474372,100,1
pca,global,expert,hand_ring_reach,31,0.9474121451438648,0.9533,0.0008491760712596654,100,1
pca,global,expert,hand_ring_reach,32,0.9544921655416214,0.9523999999999999,0.001184229707446997,100,1
pca,global,expert,hand_ring_reach,33,0.9641386352102082,0.9551999999999999,0.0007678541528180985,100,1
pca,global,expert,hand_ring_reach,34,0.9754467787625276,0.956,0.0009273618495495705,100,1
pca,global,expert,hand_ring_reach,35,0.9829172250754064,0.9570000000000001,0.0006855654600401043,100,1
pca,global,expert,hand_ring_reach,36,0.9851025716140928,0.9558,0.0007896834808959852,100,1
pca,global,expert,hand_ring_reach,37,0.9911462477623127,0.9564,0.0007002856560004637,100,1
pca,global,expert,hand_ring_reach,38,0.9974647873010046,0.9562999999999999,0.0005771481612203231,100,1
pca,global,expert,hand_ring_reach,39,1.0000002768481717,0.9534999999999999,0.0011434596626029273,100,1
pca,global,expert,hand_thumb_reach,1,0.1216621268685745,0.012199999999999999,0.0050981957592858285,100,1
pca,global,expert,hand_thumb_reach,2,0.13171050690507008,0.0222,0.006926153333561133,100,1
pca,global,expert,hand_thumb_reach,3,0.21084868197101278,0.0173,0.00682327633912038,100,1
pca,global,expert,hand_thumb_reach,4,0.23426945435877514,0.06269999999999999,0.014963191504488606,100,1
pca,global,expert,hand_thumb_reach,5,0.24645882499066357,0.0349,0.012575766378237154,100,1
pca,global,expert,hand_thumb_reach,6,0.27058960304560714,0.0649,0.01604399887808523,100,1
pca,global,expert,hand_thumb_reach,7,0.3042499607506735,0.0487,0.014411561331098029,100,1
pca,global,expert,hand_thumb_reach,8,0.33763251597762817,0.0664,0.013354040587028332,100,1
pca,global,expert,hand_thumb_reach,9,0.3472836741766782,0.0643,0.013469413498738541,100,1
pca,global,expert,hand_thumb_reach,10,0.3752274631972863,0.1082,0.019717190469232676,100,1
pca,global,expert,hand_thumb_reach,11,0.43987004994975,0.17629999999999998,0.029210496401122662,100,1
pca,global,expert,hand_thumb_reach,12,0.46874875972349156,0.1782,0.0326956816720496,100,1
pca,global,expert,hand_thumb_reach,13,0.4977663564587412,0.2565,0.034887927711459155,100,1
pca,global,expert,hand_thumb_reach,14,0.528247641616302,0.2798,0.03649711769441526,100,1
pca,global,expert,hand_thumb_reach,15,0.5602833768910161,0.35869999999999996,0.0384285453797044,100,1
pca,global,expert,hand_thumb_reach,16,0.5762886857922342,0.3081,0.03630501205067972,100,1
pca,global,expert,hand_thumb_reach,17,0.6089428859504494,0.3603,0.039715350936382274,100,1
pca,global,expert,hand_thumb_reach,18,0.6304899914721517,0.3395,0.038414417866212684,100,1
pca,global,expert,hand_thumb_reach,19,0.6494811487273819,0.36460000000000004,0.03991250931725541,100,1
pca,global,expert,hand_thumb_reach,20,0.6612083844320872,0.2892,0.03601823982373376,100,1
pca,global,expert,hand_thumb_reach,21,0.6835967156377318,0.39380000000000004,0.04116012147698303,100,1
pca,global,expert,hand_thumb_reach,22,0.7068589944887483,0.4036,0.04184388127313239,100,1
pca,global,expert,hand_thumb_reach,23,0.7309657944227512,0.3582,0.040468353067551435,100,1
pca,global,expert,hand_thumb_reach,24,0.7470925939268315,0.3653,0.04060848556644288,100,1
pca,global,expert,hand_thumb_reach,25,0.7699875629571163,0.42729999999999996,0.04163456616802918,100,1
pca,global,expert,hand_thumb_reach,26,0.8005524882048256,0.433,0.0421600521821309,100,1
pca,global,expert,hand_thumb_reach,27,0.8160454738097457,0.3932,0.04211861346245861,100,1
pca,global,expert,hand_thumb_reach,28,0.8343519822450478,0.4982,0.04628982177541841,100,1
pca,global,expert,hand_thumb_reach,29,0.8499193529230993,0.44329999999999997,0.045990445746915735,100,1
pca,global,expert,hand_thumb_reach,30,0.8656941592578998,0.4727,0.04702634474419631,100,1
pca,global,expert,hand_thumb_reach,31,0.8900727668297564,0.5035000000000001,0.047970277255817484,100,1
pca,global,expert,hand_thumb_reach,32,0.9046934537083462,0.5166,0.04690207244888013,100,1
pca,global,expert,hand_thumb_reach,33,0.9338224237999002,0.48619999999999997,0.048230442668505534,100,1
pca,global,expert,hand_thumb_reach,34,0.9403594274342318,0.4878,0.04771091698972049,100,1
pca,global,expert,hand_thumb_reach,35,0.9608303129794977,0.5097999999999999,0.04774745647675906,100,1
pca,global,expert,hand_thumb_reach,36,0.972118206414944,0.4804,0.047793497465659494,100,1
pca,global,expert,hand_thumb_reach,37,0.9841267577094351,0.5346,0.04802737136258864,100,1
pca,global,expert,hand_thumb_reach,38,0.9897934611488145,0.5256000000000001,0.04857969122997799,100,1
pca,global,expert,hand_thumb_reach,39,1.000000282582778,0.5181,0.04806364426466223,100,1
pca,global,expert,pen,1,0.05575047615009239,0.0128,0.006105866031940105,100,1
pca,global,expert,pen,2,0.1387757470145482,0.0336,0.014860363387212305,100,1
pca,global,expert,pen,3,0.15252904118071353,0.07980000000000001,0.024369645052811088,100,1
pca,global,expert,pen,4,0.1735434542093025,0.0693,0.022699451535224367,100,1
pca,global,expert,pen,5,0.3445188402960539,0.0623,0.02105177189692117,100,1
pca,global,expert,pen,6,0.4393760762171279,0.0916,0.026299323185207637,100,1
pca,global,expert,pen,7,0.5155021649830975,0.0574,0.021289725221336236,100,1
pca,global,expert,pen,8,0.5918120150643608,0.1485,0.031535812975092295,100,1
pca,global,expert,pen,9,0.6287301956507456,0.1202,0.028851336190894177,100,1
pca,global,expert,pen,10,0.6573892106626816,0.0902,0.0239215300513993,100,1
pca,global,expert,pen,11,0.6959462403245266,0.1353,0.026735165980408652,100,1
pca,global,expert,pen,12,0.7069609906456393,0.1376,0.027933535401019328,100,1
pca,global,expert,pen,13,0.7268729661558729,0.1677,0.031126148171593603,100,1
pca,global,expert,pen,14,0.7780585049501711,0.2353,0.03636989276860739,100,1
pca,global,expert,pen,15,0.7905968096507457,0.20800000000000002,0.03408812109811863,100,1
pca,global,expert,pen,16,0.8083088387513031,0.35609999999999997,0.03779468084267943,100,1
pca,global,expert,pen,17,0.8229682764964316,0.3362,0.03683172002500019,100,1
pca,global,expert,pen,18,0.8425072061278839,0.3444,0.036736717327491314,100,1
pca,global,expert,pen,19,0.8636616542058247,0.4275,0.03638224154721641,100,1
pca,global,expert,pen,20,0.8730991783476824,0.43670000000000003,0.03407082476254427,100,1
pca,global,expert,pen,21,0.8878786925833477,0.5857,0.026983793284117784,100,1
pca,global,expert,pen,22,0.9032209864765426,0.5558,0.028708249685412728,100,1
pca,global,expert,pen,23,0.9120198610624962,0.5761999999999999,0.02689564276978708,100,1
pca,global,expert,pen,24,0.9233905228563664,0.5556,0.03089994174751791,100,1
pca,global,expert,pen,25,0.9292326005967996,0.5926,0.02883283544849518,100,1
pca,global,expert,pen,26,0.9335286452653612,0.5273,0.028022796077479494,100,1
pca,global,expert,pen,27,0.945488805699738,0.5769,0.0282664801487557,100,1
pca,global,expert,pen,28,0.9530237877702158,0.6381,0.02530798095463168,100,1
pca,global,expert,pen,29,0.9616380242364936,0.6157,0.027484997726032287,100,1
pca,global,expert,pen,30,0.968711714111501,0.6141,0.025633998907700687,100,1
pca,global,expert,pen,31,0.9734894545196949,0.6139,0.02756370620943417,100,1
pca,global,expert,pen,32,0.9780720418626053,0.6183,0.023717105641287678,100,1
pca,global,expert,pen,33,0.979942643706539,0.6218,0.025447349567292856,100,1
pca,global,expert,pen,34,0.9836456933067963,0.6399,0.02109051682628949,100,1
pca,global,expert,pen,35,0.9881405531818622,0.6531999999999999,0.021620767793952184,100,1
pca,global,expert,pen,36,0.9915973620918723,0.6459999999999999,0.0207340299990137,100,1
pca,global,expert,pen,37,0.994736335305132,0.6748000000000001,0.019062255900076465,100,1
pca,global,expert,pen,38,0.996726113394901,0.6831999999999999,0.01842925934485703,100,1
pca,global,expert,pen,39,1.0000002973900683,0.6183,0.022289932705147408,100,1
pca,global,expert,reorient,1,0.2849210302476639,0.016333333333333335,0.009663390249343711,100,1
pca,global,expert,reorient,2,0.3394997186459964,0.021533333333333335,0.010804877499434123,100,1
pca,global,expert,reorient,3,0.3866026147746999,0.0077333333333333325,0.0029177160017154974,100,1
pca,global,expert,reorient,4,0.41675135282756237,0.0054666666666666665,0.0019627192021954305,100,1
pca,global,expert,reorient,5,0.4465535830683754,0.006466666666666667,0.0021714408938664563,100,1
pca,global,expert,reorient,6,0.4833970662585121,0.009399999999999999,0.00405966063168394,100,1
pca,global,expert,reorient,7,0.49909690445462584,0.05073333333333334,0.01513315565240773,100,1
pca,global,expert,reorient,8,0.5238982517878542,0.05233333333333333,0.012194488736948159,100,1
pca,global,expert,reorient,9,0.5453986681734614,0.0344,0.009785576687712948,100,1
pca,global,expert,reorient,10,0.5515219972771517,0.03593333333333333,0.011248267027018477,100,1
pca,global,expert,reorient,11,0.5659687190848869,0.032733333333333337,0.009559681538163868,100,1
pca,global,expert,reorient,12,0.5818276964761876,0.03613333333333333,0.008145990151943198,100,1
pca,global,expert,reorient,13,0.6016633407539599,0.05226666666666666,0.011071773921905096,100,1
pca,global,expert,reorient,14,0.6142241789040185,0.04046666666666667,0.00872608095819016,100,1
pca,global,expert,reorient,15,0.6273284352555374,0.029799999999999997,0.007712878119670303,100,1
pca,global,expert,reorient,16,0.7094551001106242,0.14193333333333333,0.024281551295856973,100,1
pca,global,expert,reorient,17,0.7214910286270493,0.17099999999999999,0.025711973000054962,100,1
pca,global,expert,reorient,18,0.7379672736349633,0.12140000000000001,0.023321386465359785,100,1
pca,global,expert,reorient,19,0.7712773104880335,0.29353333333333337,0.035187555249611244,100,1
pca,global,expert,reorient,20,0.7994048351055946,0.2518666666666667,0.03233018266436351,100,1
pca,global,expert,reorient,21,0.8351617103665032,0.48946666666666666,0.034947475508889686,100,1
pca,global,expert,reorient,22,0.8454516715127924,0.4184666666666667,0.033540139137059846,100,1
pca,global,expert,reorient,23,0.8567820495996403,0.5140666666666667,0.032431246250080085,100,1
pca,global,expert,reorient,24,0.8656249040325754,0.5578,0.03219842025110342,100,1
pca,global,expert,reorient,25,0.8753740754121044,0.5972666666666667,0.030571024044200926,100,1
pca,global,expert,reorient,26,0.8845203600590769,0.5711333333333334,0.03341856503335966,100,1
pca,global,expert,reorient,27,0.8959508863126395,0.5771999999999999,0.03250082802363999,100,1
pca,global,expert,reorient,28,0.9128706644377407,0.5810666666666666,0.03320397834262903,100,1
pca,global,expert,reorient,29,0.920584395883573,0.6362000000000001,0.030252897749178047,100,1
pca,global,expert,reorient,30,0.9495629975564202,0.6614666666666666,0.030343892667589998,100,1
pca,global,expert,reorient,31,0.9569927375567169,0.6575333333333333,0.02896490673594897,100,1
pca,global,expert,reorient,32,0.9613556995243427,0.7513333333333333,0.024266575091402304,100,1
pca,global,expert,reorient,33,0.9670307530601739,0.6833333333333333,0.029621388668775582,100,1
pca,global,expert,reorient,34,0.974283980436634,0.7533333333333333,0.0247442024635177,100,1
pca,global,expert,reorient,35,0.978602189161415,0.7571333333333333,0.026312524267605594,100,1
pca,global,expert,reorient,36,0.9848462583674205,0.7912666666666667,0.021583470012437246,100,1
pca,global,expert,reorient,37,0.9897707871089763,0.7344666666666667,0.02785598758695237,100,1
pca,global,expert,reorient,38,0.9931093656140763,0.7648,0.025045572684830167,100,1
pca,global,expert,reorient,39,1.0000001303334618,0.754,0.028853576708770246,100,1
